{"type":"FeatureCollection","name":"tlm_kantonsgebiet","crs":{"type":"name","properties":{"name":"urn:ogc:def:crs:OGC:1.3:CRS84"}},"features":[{"type":"Feature","properties":{"uuid":"{0B2364ED-49E0-4D53-A33C-C684DD530B57}","datum_aenderung":"2018-11-22T00:00:00","datum_erstellung":"2012-10-26T00:00:00","erstellung_jahr":2012,"erstellung_monat":10,"grund_aenderung":"Verbessert","herkunft":"AV","herkunft_jahr":2019,"herkunft_monat":1,"revision_jahr":2022,"revision_monat":1,"revision_qualitaet":"2021_Aufbau","objektart":"Kanton","kantonsnummer":18,"see_flaeche":0.0,"kantonsflaeche":710530.0,"name":"Graub\u00fcnden","icc":"CH","einwohnerzahl":200096},"geometry":{"type":"MultiPolygon","coordinates":[[[[9.213040802497435,46.89195504708508,2870.714],[9.226600145963966,46.90559697769039,2725.945],[9.239692990207438,46.90790546926683,3097.503],[9.24889846965322,46.916268593575744,3002.761],[9.2672393056073,46.90314502636154,2997.518],[9.276902542429859,46.90734572368592,2500.961],[9.286922821266792,46.90505917926771,2795.596],[9.293309921168428,46.90708345347044,2687.405],[9.309938697510514,46.90576253221505,2893.394],[9.32190664306466,46.9005957950539,3008.837],[9.338677475974418,46.90202667619566,3153.741],[9.343140172081062,46.8982829136345,3247.58],[9.381704488587296,46.897630669911024,2824.727],[9.41990328929104,46.88956464381411,1116.146],[9.43326432402301,46.884571438649026,1334.884],[9.44887304086294,46.87288387713196,2364.758],[9.452550132405651,46.87461433950433,2459.394],[9.455948786648632,46.881206429651186,2695.592],[9.45426459221712,46.88605256667538,2606.671],[9.46777616130568,46.88726680654804,2410.454],[9.469746166994273,46.89147013010181,2634.413],[9.467258722504122,46.8998854065446,2805.667],[9.488002472999904,46.91229046778791,2270.196],[9.47858362165863,46.915679349182646,1647.402],[9.477794283298918,46.92056423526713,1716.059],[9.486533103564947,46.93552212956719,1717.863],[9.493717774899453,46.93771444301156,1740.306],[9.504606721614664,46.953667162732046,1813.705],[9.518485348399327,46.955860388350395,1355.085],[9.517405163456809,46.968389822123505,1390.219],[9.520280056965452,46.97141164393119,1472.417],[9.545582686145273,46.976567371209086,508.864],[9.511570332994092,47.00805314142094,496.174],[9.50711276873006,47.01743609740226,492.726],[9.47844648276091,47.04747878929889,483.46],[9.476279763474608,47.05345727666718,483.568],[9.482283223664881,47.056117379185814,640.436],[9.485756976481595,47.04909005570176,619.125],[9.491316607262847,47.05624992363744,539.023],[9.49954120862886,47.054153058698205,560.482],[9.500005149166908,47.05712571542738,481.791],[9.512082044668794,47.056816382220546,485.791],[9.539761662042064,47.06514658627225,1897.844],[9.55162760723672,47.05884117299351,2105.494],[9.554515283837596,47.050301907581435,2247.648],[9.558949617748576,47.048427369753824,2418.758],[9.582167054261022,47.05270234598116,2585.289],[9.603479665452507,47.06177264535219,2523.206],[9.617209515015965,47.05362461194515,2423.165],[9.632680414037468,47.051250965100536,2379.023],[9.6413335248143,47.053921134554,2463.731],[9.645065717376706,47.05977381078628,2535.534],[9.6582228803643,47.05818090639027,2314.048],[9.681848060921078,47.062096606083195,2794.791],[9.682122730425693,47.05884302228561,2729.419],[9.688199813633913,47.05522512735036,2783.641],[9.69756886674466,47.05238740727889,2750.327],[9.707604892313867,47.0538066846712,2962.75],[9.70701906902329,47.04804475348085,2708.844],[9.718220259588833,47.04337366350158,2554.641],[9.741858538276038,47.04267461684631,2442.208],[9.748087585120663,47.03692250375435,2283.206],[9.78492464128481,47.03848540635612,2157.795],[9.807573309352964,47.02356291944315,2733.161],[9.823539176086552,47.01985905985385,2411.247],[9.83612799604451,47.01253138380835,2795.49],[9.852737742406939,47.01641342093189,2577.667],[9.859754567196607,47.02321045029964,2436.46],[9.876256492865334,47.02122737264437,2230.889],[9.8803597219804,47.01722443048455,2238.753],[9.871160203485996,47.01305827964126,2433.55],[9.870705323344442,47.009652051821014,2628.101],[9.888786641934187,47.000727268293666,2562.432],[9.892313278074882,46.99035954044506,2419.322],[9.884826293151983,46.98546546000921,2450.117],[9.884558657900586,46.980848506789435,2476.229],[9.875710294091098,46.973653435502015,2522.531],[9.875593114304564,46.96749605020262,2432.352],[9.870741322825824,46.96320981143858,2480.846],[9.878729967722286,46.95706688740075,2550.678],[9.874888462523426,46.95039060859578,2460.155],[9.87658130928333,46.940705821288,2519.831],[9.880716942736115,46.94011146655666,2665.893],[9.876138120762885,46.93462810068893,2726.746],[9.894496357723282,46.93164434706874,2558.813],[9.906332002530439,46.925300034459134,2266.533],[9.912320953142732,46.9260549136211,2284.28],[9.921541801726569,46.91882350873675,2396.829],[9.93723705541057,46.913310738742766,2491.725],[9.946132726186788,46.912349087160585,2649.747],[9.95908131243649,46.91602438494153,2851.777],[9.966577821244046,46.91222255629968,2698.536],[9.9778778311243,46.91588287832622,2680.696],[9.982445490272594,46.90619861814396,2668.641],[9.99012196384817,46.902408251050964,2802.175],[10.005920828516306,46.898800253552025,2835.3],[10.017830682772265,46.901615464225344,2831.354],[10.032187043777846,46.8879957163717,3119.964],[10.039320647692456,46.88580694390466,3041.959],[10.042449158922565,46.88043966508874,2922.208],[10.051944023856437,46.87674324789105,2880.803],[10.051209118888467,46.863941650160086,2769.36],[10.059572276179267,46.860774387802955,2734.526],[10.087439429292942,46.861193667327946,3185.409],[10.092665090759734,46.85804935673368,3236.602],[10.091965037278005,46.85142601450079,3146.066],[10.105448961809458,46.84085502997593,3109.799],[10.119133846203711,46.844170045582295,3297.705],[10.123095284820707,46.84848405846504,2975.411],[10.139421391869352,46.847378184986816,3082.085],[10.147083109924395,46.85140911722947,3097.829],[10.157422209937831,46.847859910290076,3154.048],[10.169073787865095,46.850658987841165,2961.307],[10.182017246567383,46.85551095724796,2991.456],[10.193670367656804,46.86644193748018,3160.242],[10.232677399913687,46.866292109662126,3046.874],[10.230849310876252,46.86943602074075,3022.913],[10.234842521582063,46.884681522956456,3075.842],[10.227614432138857,46.89020554558287,3374.189],[10.225729412252951,46.8959393646642,3332.262],[10.233309914071333,46.90164051010364,2864.697],[10.237044071741677,46.91570122797343,2864.059],[10.24202437363793,46.918828260016326,2753.729],[10.240596313034523,46.931370080002736,2993.883],[10.26688714007181,46.92882972280192,2198.068],[10.296878746186776,46.919950769311825,2896.6],[10.300800030874486,46.92465480980792,2805.301],[10.316062886233588,46.925177903901414,3093.958],[10.31717201371192,46.930952279295184,2925.639],[10.306174314573125,46.94014156751362,2607.867],[10.307736325124596,46.94726421192438,2767.525],[10.309362005162066,46.95019942594643,2863.455],[10.327827172272121,46.95397411663223,2742.807],[10.32949762482288,46.9642686790972,2752.572],[10.340717264899672,46.97837369279986,2736.861],[10.339992346027792,46.98130514896005,2785.919],[10.34479053605884,46.98306459386113,2873.563],[10.346517569368697,46.98958679250126,3019.992],[10.354993436566323,46.992359435957454,2881.351],[10.372052493258142,46.99066883742937,2741.311],[10.389314018494685,47.0005209216244,2891.4],[10.398712268314927,46.99687813581579,2581.423],[10.412502681786282,46.98264377501157,1994.943],[10.426585437031322,46.97568151255731,1716.754],[10.4220142487334,46.96077795667921,1512.63],[10.42385999369846,46.95889796901558,1495.577],[10.455589320177056,46.952844747968285,1336.89],[10.476198300181222,46.941030056366124,1144.265],[10.489348718232666,46.93778554121747,989.393],[10.485294921131164,46.93144448395035,1007.546],[10.48830625432924,46.926280360872994,990.169],[10.486217402497505,46.91545622482345,1008.163],[10.478541190606188,46.910591261839585,1014.656],[10.475091282366137,46.894287089351195,1022.646],[10.464696411608749,46.88427522533076,1029.932],[10.469230784732531,46.881099567512805,1399.607],[10.47126500581348,46.872957206193874,1659.054],[10.468007820771142,46.86210748764698,1857.962],[10.47182537916616,46.84870227409578,2780.542],[10.463848217614585,46.8411981107032,2741.581],[10.466509004142063,46.835859384744474,2674.352],[10.460093551349475,46.834739246647295,2736.792],[10.456603655227804,46.830190546910586,2801.371],[10.460429554036137,46.82454037587864,2768.658],[10.455805069883077,46.82180455599739,2636.401],[10.457690132439168,46.81604908323781,2680.337],[10.447559854635784,46.80077330986296,2686.027],[10.429557285171922,46.79678045722679,2609.663],[10.42664360829574,46.78940669105626,2770.952],[10.422719653120357,46.78824298672499,2851.363],[10.440483651648497,46.774010891474916,2725.636],[10.444018970344425,46.76237393536252,2753.697],[10.442682881777905,46.75387532742768,2817.452],[10.400815404738555,46.73384532765445,3001.094],[10.418771383070228,46.71913620535871,2953.102],[10.416039998638535,46.70902088421299,3159.419],[10.403327671401616,46.705501760189314,3193.258],[10.393473910784515,46.689304366462316,2325.386],[10.383569814591741,46.687282670409246,2475.423],[10.381822249416253,46.684306545722286,2674.55],[10.392510926205459,46.67159711626912,2926.803],[10.391996273245768,46.65520100078532,2805.842],[10.400399045291639,46.6457625064091,2706.894],[10.399858846670067,46.6385842088176,2908.059],[10.40228823971732,46.63681210610171,2842.695],[10.409127480938757,46.63505851163404,2597.756],[10.446075645968918,46.641271419374945,1372.872],[10.484266220050161,46.61742034475749,2507.871],[10.492064009749908,46.61538673886728,2762.81],[10.484437667957742,46.60508002190999,2665.327],[10.487363357737102,46.598371465101906,2738.807],[10.483785035952405,46.59215536356538,2842.165],[10.487787607406462,46.58955947402623,2847.857],[10.483392607759026,46.58093173536942,2930.405],[10.484791160251572,46.577537924718186,2854.376],[10.47467743094048,46.566677455622816,2902.473],[10.477919333155345,46.55741434899223,2945.227],[10.471098406766831,46.5483852886632,2921.792],[10.472294555038625,46.54353282400637,2932.166],[10.459112244738197,46.54131896766372,3007.887],[10.452801044414121,46.530682960525695,2842.184],[10.436688214030598,46.53739082975065,2518.898],[10.418238912334784,46.551311867622026,2978.063],[10.397040762736951,46.54391773969973,2937.928],[10.375612041833529,46.552626610084275,2799.724],[10.351868256778921,46.55587931737886,2894.387],[10.35022811157604,46.549423740463666,2914.655],[10.338190690523511,46.54272625892392,3123.952],[10.325468898581265,46.551732867998844,2925.992],[10.311431017025951,46.546687617544094,3046.569],[10.296071794162394,46.54997413138158,3042.225],[10.295995282756401,46.55887767159514,3009.212],[10.287419739062505,46.5703968237316,3178.902],[10.269336603187424,46.57769384589555,2934.173],[10.254135119953471,46.571244057474516,2285.606],[10.246072806293002,46.57500735728859,1935.515],[10.241840313783223,46.59160005456283,2663.261],[10.25908520842948,46.610216330212545,2371.71],[10.244788597878507,46.62216764147381,2496.652],[10.239938156642804,46.63531671464886,2224.73],[10.224132918578972,46.62912977706796,2015.26],[10.215319878400255,46.61693980029336,1801.6],[10.193400528123448,46.62313551075674,1801.6],[10.19276548589077,46.625934042524996,1745.124],[10.137362351566635,46.61074043506819,3115.469],[10.136333425863468,46.607599406402585,3076.813],[10.12762424821263,46.60510348679501,2871.194],[10.102354187568292,46.610736863718735,3042.32],[10.097031391126121,46.59348507954861,2894.906],[10.101161830336927,46.58919704336838,2988.527],[10.10067637914817,46.582722516845,2906.514],[10.095695295743209,46.57735136081301,2939.462],[10.078673833831651,46.57512320870986,3069.887],[10.085394276160487,46.56711839522444,2986.385],[10.08233503909033,46.563493061675246,2872.212],[10.07171085130571,46.55903198165668,2736.577],[10.068685730433627,46.55118249804309,2781.03],[10.061415953069066,46.54570407260751,2825.33],[10.046766892895665,46.54404438984775,2900.652],[10.043892583142823,46.54046693816861,2826.363],[10.045625796364902,46.535632637343696,2887.266],[10.053535275332353,46.53168783244675,2965.545],[10.0504347117811,46.52896655325107,3050.369],[10.053992376812456,46.52266597307698,2954.277],[10.051530968262613,46.51335526807825,2929.485],[10.042269481013815,46.51004588142357,3101.101],[10.049090720992378,46.49959663694017,2981.946],[10.044810104226183,46.49319249423548,3000.372],[10.048491007830975,46.48781280414332,3028.622],[10.042827707219539,46.4800317330829,2972.176],[10.051463730651557,46.472211448840916,2963.316],[10.054464887307983,46.46466084113422,2650.205],[10.039149540061084,46.446983011383885,3015.583],[10.04306622149528,46.44210738073737,2882.945],[10.05627870523229,46.44086868348659,2314.656],[10.061496862789772,46.42743414518551,2596.781],[10.077154399991088,46.42819042964591,3015.306],[10.080174617598304,46.42108568851569,2976.083],[10.100731283327118,46.42134624295431,2860.559],[10.107914559552011,46.42828584748179,3069.261],[10.117230786165477,46.42603289693432,3301.997],[10.119221516697149,46.42922760921054,3258.065],[10.129105428435947,46.431752313491224,3078.212],[10.143210353804859,46.42824236520481,2902.268],[10.149386805940578,46.41282048186755,2527.102],[10.161944907901622,46.4145144975944,2527.896],[10.166772851390771,46.40736986417303,3065.424],[10.162101973440226,46.40423335129181,2949.539],[10.162024845162534,46.38751486316377,3216.864],[10.15577476764433,46.38491351518697,3170.129],[10.14256638953993,46.38622486025234,2745.725],[10.12765964548115,46.377744572328304,2964.525],[10.125994921239343,46.36982222585023,3043.288],[10.129120452735922,46.360882932129265,2892.251],[10.108446534598603,46.35232739814999,3008.277],[10.109234915934278,46.34604039111626,2900.727],[10.10440176521008,46.33362264164738,2840.048],[10.116609364433389,46.314082218934146,2787.155],[10.138823686389117,46.30463702632126,2770.913],[10.138924766113215,46.299569279811664,2743.529],[10.154282652768106,46.29278485586619,2821.614],[10.156638429023236,46.28928143855473,2755.974],[10.154507296290923,46.28536678557002,2796.488],[10.162491519353967,46.282321049052506,2748.666],[10.163351983775536,46.27145384126511,2786.84],[10.172015535593099,46.266610662331274,2648.016],[10.17652439976025,46.25827659848648,2647.49],[10.174934354005108,46.254612692034215,2410.65],[10.150873405901676,46.239642189527316,1252.254],[10.145951266175087,46.230482615863615,519.246],[10.132324096836435,46.22487711813604,1468.423],[10.094684294382718,46.22858575629232,2270.599],[10.081088358709893,46.22545240627632,2308.481],[10.070852304996436,46.21715234972531,2433.616],[10.043751369312051,46.22985626634146,2892.587],[10.053709466082868,46.235827167575955,2618.648],[10.053409334820604,46.24125770476159,2842.586],[10.060650512272984,46.248262141776195,2791.956],[10.05550414464746,46.265887787349236,2742.825],[10.031241248883859,46.27703628777714,2668.212],[9.995931011106062,46.28492528461982,2873.766],[9.991738062387935,46.29625694001879,2525.73],[10.000760495696785,46.301558024769335,2517.499],[9.996250299156316,46.307314470262604,2563.557],[10.000067087376218,46.31318914478025,2807.454],[9.979945382150603,46.32312877526884,2804.141],[9.985462125309464,46.33407953553713,2821.105],[9.99595769897095,46.342223636326636,3066.42],[9.996382533423589,46.35114272767492,3372.607],[9.985111241284399,46.351644382993015,3419.141],[9.964520026819333,46.363765346935445,3402.727],[9.955719497870758,46.373618012153706,3573.432],[9.957957993530114,46.37894061883229,3873.688],[9.93447009967187,46.374787601675386,3888.855],[9.929988893894027,46.3715810812943,3853.019],[9.931104650226617,46.368002666233345,3983.648],[9.92518086126501,46.365984897212435,3943.788],[9.922952218503438,46.370639077770335,3811.696],[9.916901789722646,46.370333906229625,3845.253],[9.90679887996763,46.3808791560127,3952.383],[9.883655460678192,46.37340813925286,3904.053],[9.880587610378223,46.36835471879878,3525.524],[9.868205889514474,46.36236136968256,3504.344],[9.849149348165522,46.36437900587937,3525.211],[9.832665901661029,46.360973410632056,3370.702],[9.818315117398912,46.349678034121304,3285.86],[9.784751591721687,46.34080340010136,3363.41],[9.776872636499169,46.33482528691303,3240.592],[9.765170162933794,46.3374239751367,3092.906],[9.743514891375332,46.35179947906408,3103.21],[9.736935273335428,46.35091828262961,2719.163],[9.722960648478074,46.34075129640278,3163.867],[9.727524203983041,46.332686678676225,2938.371],[9.717357746552587,46.3235169738057,3062.036],[9.725906647544281,46.319677803715074,3029.628],[9.726003525309228,46.313508442268365,2990.982],[9.718154474792732,46.306277697030644,3353.279],[9.714508655237484,46.29292355869746,3329.911],[9.702019366606207,46.29082679353694,3314.845],[9.689239051597035,46.29338962935431,3280.995],[9.676970406950211,46.30312579864223,3372.765],[9.66894486699902,46.29602853115614,3100.568],[9.659711971619892,46.295924709495424,2939.015],[9.64230128555067,46.28690250325146,3085.145],[9.618687275539573,46.287364428359176,3265.566],[9.61036375862308,46.294579467806756,3222.887],[9.583202173811884,46.29437810462347,3168.461],[9.562652080189803,46.30240410283004,2726.066],[9.560158147747067,46.306164522648245,2773.02],[9.54957557431656,46.3023380788546,2490.327],[9.54260844460266,46.30598026377351,2077.913],[9.513538465322462,46.33313005896487,673.492],[9.508572747381962,46.351398158239874,1561.905],[9.500470820026528,46.356067991203254,2042.883],[9.496415387208502,46.364323275132776,2686.053],[9.461258500731509,46.37573360256352,3062.943],[9.46118384399232,46.383418473874286,2961.625],[9.469006161399887,46.388632809445824,2980.621],[9.46172039746059,46.411790890132664,2855.135],[9.454435551807,46.420780340017984,2859.15],[9.460702232827064,46.44226668700444,2537.164],[9.459177726213083,46.463087214594886,2526.481],[9.465589775702488,46.46950074463838,2419.895],[9.462872948088496,46.48049662442167,2193.966],[9.449702311682378,46.47998054496056,1942.141],[9.449095998129444,46.484376892772325,1952.101],[9.461036373739347,46.484844610482504,2192.777],[9.461065805927149,46.50548750590309,1770.279],[9.463559140580385,46.50887189684482,1705.633],[9.434191086647022,46.4979085277525,2833.955],[9.42469199499184,46.488746833029644,2755.154],[9.424115790429486,46.47612721483962,3086.505],[9.411659135692263,46.4669252986787,3158.709],[9.389783306254698,46.47308884141095,2284.28],[9.385230920475893,46.48238572806457,2462.046],[9.376364329252214,46.4846618052743,2719.742],[9.36848836623535,46.49409445793448,2684.954],[9.373358896413977,46.50394309799793,2910.435],[9.363695552415669,46.50930945762454,3001.349],[9.355029990977878,46.50426799777441,2747.151],[9.31111999081031,46.50412991419064,2662.601],[9.283390388626486,46.49701692613902,3278.753],[9.274214300436364,46.483691486485206,2948.066],[9.277396169781378,46.47920350797617,2956.361],[9.273442679653353,46.466011756598625,2935.955],[9.278185249279245,46.46170043355744,3042.908],[9.266276245403445,46.45137626213213,2986.094],[9.247002607036949,46.446794656489864,2942.716],[9.248187701675194,46.433232605175334,2459.038],[9.263631541344186,46.420501473989965,2860.011],[9.275368328715267,46.419518123188986,2811.689],[9.280253172695595,46.4141628469616,2646.423],[9.282536023072058,46.40495858777339,2615.673],[9.2788828812577,46.40339075543213,2659.102],[9.282027036501463,46.40157779038682,2713.176],[9.275835586156639,46.394893795578795,2863.694],[9.284372467119132,46.385085320604986,2980.381],[9.275126096594809,46.37373753319774,2849.466],[9.276072434289926,46.367768374336336,2967.095],[9.282584300095012,46.35804567107116,2710.689],[9.29629386733606,46.35558481226029,2713.292],[9.296088072510203,46.349106548936625,2711.314],[9.299867551139814,46.343602748665624,2654.505],[9.292116775770246,46.33619997112398,2571.619],[9.299315777620826,46.32724784961991,2586.699],[9.295311719475947,46.32325354387583,2337.396],[9.29509046340548,46.31775347639219,2608.113],[9.28505993504403,46.31443168993083,2631.917],[9.281570346446845,46.30935680934224,2584.652],[9.284883125134886,46.297047450012805,2457.235],[9.27182664916315,46.28926943260976,2390.622],[9.268309801266847,46.2821721862012,2294.405],[9.258824806636756,46.27848452173651,2560.791],[9.256983454447498,46.26937367543257,2472.431],[9.25047186845969,46.266510648820315,2575.209],[9.253103627657147,46.26198017198306,2380.965],[9.248999400070296,46.255879083638185,2309.569],[9.251382119913252,46.251013679277676,2283.465],[9.248200625606984,46.24733321891284,2286.989],[9.248424453536142,46.233768845796384,2388.076],[9.22096507048953,46.22910413600846,2543.714],[9.22293092957441,46.22396072577014,2481.387],[9.218897037076541,46.214431639266905,2407.051],[9.20220106142637,46.20840908328366,2381.981],[9.194837724100186,46.1936229870796,2153.163],[9.197987513717653,46.18698374182821,2207.238],[9.194647339589874,46.17920051701596,2191.238],[9.183671909752963,46.17036766883226,2102.775],[9.153401961211188,46.17017665469542,2122.329],[9.135545630147316,46.18036901100739,2136.13],[9.119005420861422,46.20038092623422,1833.458],[9.086889981444667,46.214284434608025,1384.291],[9.079611082743906,46.23327688269395,267.116],[9.074569106108218,46.23172203219297,273.667],[9.071145810385131,46.235746034523274,354.031],[9.076028688584964,46.237868015132726,382.531],[9.07776796885672,46.260296270980646,2021.273],[9.063645705816713,46.27305391497337,2206.421],[9.05392308597614,46.292203647944355,2564.326],[9.074695411578094,46.31283212405266,2688.548],[9.073388404461232,46.31786657528493,2508.947],[9.064332863217475,46.32537016692571,2669.389],[9.069655165238244,46.33253355476694,2603.829],[9.06644636841535,46.33636116224777,2705.378],[9.069317107875598,46.343561373693625,2936.306],[9.088274204032643,46.34919604615777,2729.003],[9.092594073299292,46.35740199187315,2388.548],[9.092957108307901,46.37082673820159,2181.796],[9.095633541344801,46.37300438908483,2249.914],[9.087261129553546,46.388829224103006,2911.679],[9.096221966989898,46.399870561768644,2915.063],[9.089951169246023,46.40542299502569,2633.646],[9.103090542321938,46.41270482269116,2779.856],[9.089018388221666,46.43215053772319,3062.874],[9.08702100015779,46.443688784888174,3161.688],[9.092111783742583,46.448796041860284,3120.951],[9.095083798401198,46.46038537185994,2984.979],[9.085063335033402,46.47094913216157,3203.031],[9.085433880231196,46.475396774490804,3062.511],[9.073563811089327,46.48026675422551,3201.224],[9.060551928898366,46.47630196707164,3130.376],[9.046460166862426,46.48067430128682,3051.184],[9.046091110175505,46.487068839142744,3036.898],[9.040251336425666,46.48955900073073,3179.624],[9.037150828967926,46.49824493741603,3234.682],[9.028405089874655,46.50358928296174,3166.111],[9.02209559952503,46.5122642160337,3047.839],[9.023163872772377,46.519085534317334,3020.039],[9.016638878551934,46.53204497375748,3079.712],[9.021645667780593,46.53394151289613,3016.326],[9.022958876514368,46.53788222387108,3102.617],[9.019256386377066,46.547541252951355,2766.621],[9.029909175415277,46.571338077783885,3017.61],[9.035405198581463,46.575205869751194,2883.788],[9.03768976187598,46.58235990803134,2799.313],[9.043891163817905,46.583375323042,2988.336],[9.042813923807387,46.58879876814382,2961.119],[9.033536717719542,46.59409320616853,2928.548],[9.034099690266808,46.60002474337237,3149.559],[9.027196004054009,46.59941866999462,2897.545],[9.006246296991444,46.61094581544377,2527.857],[8.995354733278976,46.611730746281765,2270.973],[8.973096650709312,46.602661747845566,2785.124],[8.962208709704155,46.602640976660645,2730.986],[8.959696139888887,46.6107014374452,2361.635],[8.963003397897836,46.618144222517635,2604.481],[8.957830315710318,46.629875291471386,3120.91],[8.95278815011391,46.63248455535118,3096.615],[8.95037849320189,46.62396876602602,2852.261],[8.941459745487313,46.61849378185231,2751.178],[8.923022335934265,46.623037843507426,2990.311],[8.907296471343445,46.615709140734246,3153.035],[8.907204741415878,46.606206211375714,2903.307],[8.91708701106156,46.59660304460791,2649.396],[8.915981144973989,46.59235143099803,2761.525],[8.903677372421749,46.58410118041194,2780.773],[8.87695481102022,46.574669432715815,2678.878],[8.862947249009045,46.573048851767155,2893.523],[8.843234380480482,46.56335641726404,2828.95],[8.831749127176694,46.5639274041382,3035.253],[8.829675706852981,46.571367797333735,3187.16],[8.80074112049094,46.5632800280562,1917.148],[8.75074545733543,46.57621663172893,3015.711],[8.739206841157065,46.572161133330724,2766.586],[8.727943144293395,46.577091795691324,3019.042],[8.71733392324542,46.57108659153471,2829.298],[8.705298244334257,46.5737971004158,2798.315],[8.69839942124259,46.58105540670857,2917.445],[8.68042238239166,46.57838642902255,2712.235],[8.681925269123665,46.58852867853525,2473.546],[8.6767239603929,46.599372091638706,2705.827],[8.67963704774109,46.60561661512891,2591.414],[8.67668095067774,46.61996592984492,2708.367],[8.664025710250533,46.62167891693105,2889.16],[8.651067765132739,46.6345848897794,2829.265],[8.657477300711525,46.64163022097908,2738.932],[8.658421572734031,46.64715966433224,2729.71],[8.654883534564087,46.649968475698394,2564.697],[8.678612908452497,46.66426195471952,2174.66],[8.673476182531823,46.67262946509188,2675.7],[8.67365446507167,46.69090654535904,2888.342],[8.676331999267424,46.69421108822813,2789.964],[8.686287621055376,46.694175382787,3057.428],[8.692592738261505,46.70184536920135,3096.18],[8.698571352904127,46.70347780932959,2931.239],[8.708989701172957,46.6989587431062,3059.495],[8.71720218880177,46.702584785807865,2757.175],[8.717710412714368,46.70608124106391,2751.69],[8.726102680631339,46.70687079180588,2490.533],[8.743031950839724,46.715515604169234,2645.277],[8.749070061939866,46.72073689903731,2402.666],[8.744401931152145,46.72887815343221,2793.534],[8.747644734435656,46.73590719075209,3014.702],[8.76611662628865,46.74477971854267,3195.202],[8.769594998019848,46.74434573997945,3266.125],[8.769664171286903,46.74057550801024,3279.416],[8.781989776258998,46.72830882211434,3027.913],[8.812984858282121,46.73731116924009,2963.277],[8.810436928903995,46.744921666990585,2856.525],[8.818552488562695,46.76248065440429,2960.804],[8.834576909432334,46.76685242033232,2824.003],[8.83036345898771,46.771149471095804,2850.43],[8.826311953303962,46.78834853941633,3124.622],[8.834014956967561,46.79503747668495,2919.796],[8.848216621326007,46.793440257540475,3197.61],[8.847303459365067,46.798005689029885,2902.202],[8.859886531045817,46.80569508765596,2834.454],[8.869465878058431,46.806653070148776,3101.345],[8.877053718123001,46.81291409398125,3063.566],[8.88362875508749,46.814113197484396,2861.036],[8.914865795403973,46.81114946516082,3605.079],[8.914066747982984,46.80060811005318,3409.367],[8.928285429659118,46.79646758887893,3354.488],[8.953402932291892,46.805012076650584,3262.738],[9.009020409959064,46.811178180903255,2640.003],[9.019980714789325,46.817324484860016,2746.061],[9.027394950163938,46.82993061454234,2641.751],[9.03440731310931,46.835341641331794,2895.917],[9.037588568603814,46.84511086897466,2904.686],[9.045967367369169,46.85020611046329,3076.102],[9.045366045626658,46.86526207652742,3101.23],[9.062110437175141,46.874217091925274,3037.769],[9.076497774247597,46.875181755971994,2671.977],[9.094941705005667,46.87086873541316,2787.012],[9.094679925844337,46.86758099385098,2721.936],[9.103615141558269,46.85969087032418,2495.518],[9.104866153024007,46.852471176213356,2500.969],[9.111326607375494,46.85037719915163,2624.723],[9.14055655848536,46.86183751677196,2829.702],[9.146611425789546,46.87117656238204,2998.276],[9.15680737776734,46.873930206386646,3027.414],[9.15301262461393,46.87983190330539,3015.944],[9.18824101729434,46.87643028770084,2716.238],[9.19992146376027,46.88064681567401,2818.447],[9.211096342777507,46.88929894463937,2783.074],[9.213040802497435,46.89195504708508,2870.714]]]]}},{"type":"Feature","properties":{"uuid":"{DDD56CEF-0E61-4EED-85ED-F67A459C93ED}","datum_aenderung":"2021-11-02T00:00:00","datum_erstellung":"2012-10-26T00:00:00","erstellung_jahr":2012,"erstellung_monat":10,"grund_aenderung":"Verbessert","herkunft":"AV","herkunft_jahr":2021,"herkunft_monat":4,"revision_jahr":2022,"revision_monat":1,"revision_qualitaet":"2021_Aufbau","objektart":"Kanton","kantonsnummer":2,"see_flaeche":11897.0,"kantonsflaeche":595850.0,"name":"Bern","icc":"CH","einwohnerzahl":1043081},"geometry":{"type":"MultiPolygon","coordinates":[[[[7.376449236572189,46.67502780466498,2090.846],[7.372896353187381,46.68015296130628,1759.617],[7.377746154706898,46.68354714270317,1796.036],[7.375922761587597,46.68776576465497,1666.042],[7.380210065633865,46.69018520423444,1620.456],[7.368610079958236,46.69261319398621,1638.429],[7.362568868450587,46.69918270473119,1495.467],[7.345741511281171,46.69894066490382,1073.295],[7.350611156383453,46.708547142546756,989.74],[7.349509304963032,46.71220472401014,965.762],[7.307916116401666,46.71717994769955,865.38],[7.298639889160503,46.72402571673288,843.122],[7.296857298612394,46.73710972994416,811.821],[7.304211797994552,46.747783927275215,785.447],[7.30359439290979,46.7591897518965,763.229],[7.290468734866066,46.77204952476982,732.695],[7.304472409826033,46.78320553529339,712.064],[7.301592543585963,46.79282776483615,696.417],[7.307480773951832,46.79875914130539,686.872],[7.310317007180697,46.808020958857824,674.458],[7.320203025428412,46.814806748404784,662.03],[7.320252623498448,46.82673668227189,644.464],[7.331226223713609,46.831767409443266,632.962],[7.323328469026386,46.84041089953357,717.908],[7.302152681236982,46.8520365848238,716.865],[7.31207281434731,46.85557246393419,646.6],[7.312578783069105,46.86072798765204,668.536],[7.316408802429983,46.86259359925743,678.874],[7.330699937943458,46.857630520875844,801.117],[7.323004880898925,46.85476535401484,765.503],[7.326035119663631,46.85163270974976,776.762],[7.334233215977984,46.85240216708716,728.613],[7.338209638085726,46.84945559571246,604.33],[7.34933916637455,46.85331257380562,593.514],[7.359247767260222,46.863107312847745,577.129],[7.352528598562826,46.87555114338818,563.366],[7.353031391298523,46.88719089366604,552.325],[7.325731489019751,46.89373276261736,535.715],[7.309350303979155,46.89152439280107,526.423],[7.289379886537402,46.89377105129353,514.604],[7.280196527848274,46.88959847552064,508.444],[7.259305823297148,46.89796915943189,496.219],[7.24433394811266,46.90037425928289,488.975],[7.243143865719034,46.89791707973862,499.398],[7.236327504151035,46.89809530353758,499.744],[7.229130677736672,46.902298059017504,487.47],[7.230323492059601,46.903941398375665,482.542],[7.223514311530346,46.90276560548545,482.735],[7.217548962843169,46.89734651421908,482.615],[7.208802176364138,46.902606083759274,549.148],[7.199950966814869,46.90245966346713,539.292],[7.195315366225091,46.89900557297739,549.943],[7.187706669716158,46.900361516922814,536.805],[7.207808836783641,46.90913461411661,515.477],[7.20506927468387,46.92169222144721,500.217],[7.212684067819849,46.928454767943286,509.66],[7.201959891888427,46.93929834770447,480.602],[7.210266921074583,46.94302330073368,473.378],[7.207717878923552,46.94916600082545,466.098],[7.210999549612088,46.95657591430867,458.971],[7.194626304116844,46.96290419217194,450.269],[7.214222815372671,46.9669257014852,493.959],[7.214667995903322,46.97132891500534,487.211],[7.235689109968224,46.98456206218237,512.788],[7.222223527572577,46.99316183806003,494.404],[7.226248411797799,46.998682634890656,493.167],[7.223120672731184,46.998133160837725,506.542],[7.217786902722588,47.00641127294104,453.214],[7.21024525896927,47.00394752380109,437.98],[7.205091857623849,47.00626543808918,437.281],[7.200675588349548,47.00165962828096,436.816],[7.156081166629637,46.98603497692105,432.247],[7.092300802150115,46.9761256193615,430.452],[7.040163360434865,46.97984495187847,430.479],[7.025108894211808,47.006068468927005,429.348],[7.033285068182155,47.015890747816805,429.381],[7.033484697138359,47.03033703439701,429.335],[7.040358157639658,47.03696924111734,429.303],[7.052220396526115,47.04298341744872,429.311],[7.066085938835664,47.045317639867285,429.309],[7.087653811557878,47.05973771405689,429.19],[7.081761295251653,47.064602438289604,440.408],[7.080516615270978,47.07320931986991,721.492],[7.077004112067591,47.07595932883227,739.514],[7.087054339152895,47.081551433963476,854.788],[7.086821125433262,47.085699214562055,805.079],[7.075677631231888,47.09626381708187,801.06],[7.057140806493244,47.09968508347224,831.475],[7.040608423443002,47.109006451116215,1088.829],[7.028728904524813,47.10367506500721,1104.944],[7.023505177697199,47.11220491009452,1478.586],[7.039964297858335,47.12465202631406,1541.96],[7.031075361756663,47.12731723465122,1404.89],[7.025587772226723,47.12413766887898,1438.742],[7.00775555938368,47.12422949434511,1155.341],[6.995957996714561,47.118889423646806,1172.704],[6.939904131896765,47.10915921680487,1262.268],[6.929826952881857,47.112598553394946,1118.628],[6.915725599997778,47.10378587194827,1137.063],[6.866861678142372,47.085119523981064,1134.693],[6.871789014968162,47.102862824337734,1075.708],[6.880998389627392,47.108393268204495,1085.13],[6.88880184838984,47.131132527004624,1069.445],[6.861491459790075,47.1656345211982,609.891],[6.863323832918137,47.168446365626906,767.906],[6.871969944595294,47.17412114879496,958.244],[6.883722714314363,47.15040946332138,917.563],[6.906093854350562,47.15715140975039,1049.65],[6.929886931832006,47.1693569218034,1028.461],[6.938203381222605,47.17516158015964,999.045],[6.941423570495946,47.18453384820798,1045.58],[6.95216172230091,47.18735124524235,1044.452],[6.956114986590589,47.180655579279005,1010.159],[6.97051728841598,47.18133573172274,1038.902],[6.980769806041867,47.17428767882072,1087.497],[6.986714503393234,47.1774900140283,1114.676],[6.996427161658679,47.19333425542625,1029.674],[7.023450362634328,47.19570592525804,1106.908],[7.04690083595596,47.22671360347923,985.577],[7.058671632867756,47.23119020570359,1002.109],[7.056292504401186,47.23781837483047,1020.244],[7.059826658444517,47.24280241242358,1003.913],[7.079524587940994,47.247764470218954,1007.738],[7.079595975163401,47.243408998634436,1001.688],[7.085182775687966,47.24538033213925,1019.34],[7.088819100145804,47.241573430551036,1013.595],[7.085722987018935,47.239974979127076,1008.664],[7.088406881541697,47.23701587470915,1009.264],[7.096217129670594,47.23703396181866,1023.335],[7.103360811690471,47.24310997535467,1031.256],[7.13975980202409,47.24318493658621,1171.386],[7.155787265853002,47.247545806169875,1120.867],[7.14920457070892,47.253857469944855,1071.924],[7.151469681494643,47.25551077008651,1036.223],[7.142769326473815,47.25574798125495,1045.9],[7.143105288765899,47.259482717977384,983.816],[7.14897043428372,47.26219205085539,1030.764],[7.145665229476101,47.26532171731379,1059.842],[7.14873700594481,47.2690413932503,1040.26],[7.168678292707213,47.27472775157429,1042.753],[7.17023805448085,47.283950727622475,1010.56],[7.164685557882104,47.288599202586454,1030.3],[7.169356802991828,47.2908549414683,1007.02],[7.163788237509315,47.29405787019334,974.352],[7.205998955844081,47.29547025215434,933.766],[7.209179365940293,47.29470885430698,922.533],[7.206210702202641,47.291987780503675,971.115],[7.210312456170985,47.288809184153,1010.245],[7.279226986238752,47.28422835920697,1118.238],[7.31696602596941,47.29038236075608,1099.371],[7.337512399898644,47.30591307279921,1088.635],[7.364710994592011,47.30918876945742,1007.872],[7.378641373025515,47.31497567939808,707.93],[7.411717718764088,47.31331098973563,923.72],[7.413005179698654,47.30998313181179,1053.702],[7.421345688710872,47.30683269517815,1247.144],[7.47604338866246,47.30707073398191,1142.539],[7.486374115114018,47.30213416390098,1068.818],[7.496045153673336,47.302119469476295,726.47],[7.523459706634567,47.31424411799538,1033.474],[7.558346056654735,47.32236543959395,1141.197],[7.54833871131364,47.31635942024053,1036.066],[7.546945108926534,47.30608473385544,1194.254],[7.532868908386843,47.294537046347166,1174.936],[7.494681187363941,47.288232249649695,1046.208],[7.478548194896487,47.27888248480749,1205.952],[7.465850128979471,47.26465686839052,723.688],[7.441011293081028,47.26292335172875,1201.485],[7.417369808347158,47.253799267579545,1241.541],[7.416186115746823,47.25059687350033,982.719],[7.420878152199067,47.24289482788997,1225.807],[7.415486863879389,47.24021519069008,1065.989],[7.374497711224852,47.22685342023491,1333.0],[7.362238150277103,47.21961161868612,1243.492],[7.340417035115255,47.21757403661051,1211.524],[7.354484375781856,47.19153566044086,698.524],[7.365465431601577,47.19445656963314,618.954],[7.383518016077733,47.1803051393148,448.196],[7.39191523515268,47.16627805720923,428.788],[7.382179096883977,47.16512274398807,427.033],[7.384248350247082,47.16012902971371,427.881],[7.411817810287449,47.16242510031416,426.701],[7.418399110758372,47.17115786771466,426.771],[7.431588503020224,47.176055377178656,426.482],[7.433289237497182,47.18473072860434,426.531],[7.437431983590396,47.185036665692664,426.709],[7.44182513546319,47.179235086998,426.527],[7.44762997504668,47.181087689804926,426.421],[7.449768099796834,47.18957278698416,426.504],[7.475726833850575,47.190652070690945,426.387],[7.476585668766299,47.188094537077326,432.554],[7.472610453902633,47.18554971051965,438.613],[7.475197730228259,47.18302520964365,456.791],[7.4708585617656,47.1813276713074,454.769],[7.478516846339113,47.17753174912469,506.1],[7.480500471905744,47.171741514334485,541.202],[7.486415553397315,47.173602340451836,536.928],[7.497042535626488,47.17009063910717,556.018],[7.490196338560303,47.16576763420532,556.452],[7.492692224050699,47.163269414950946,557.52],[7.472811535360223,47.15256417443167,502.446],[7.447787218961029,47.155084018041805,553.878],[7.43995459550658,47.15049986840647,555.356],[7.439617223819365,47.14399223946808,549.486],[7.426634331906147,47.14110269623474,545.364],[7.421796556006921,47.13586395445415,540.454],[7.430653607392274,47.1292416625296,551.258],[7.435407072637941,47.131278131665276,587.602],[7.433263308818828,47.126176540375475,579.076],[7.440182789098675,47.12373079222036,606.477],[7.42902984622509,47.1243729602294,544.106],[7.403751898581415,47.11767911742693,526.863],[7.394997759317913,47.1216988241552,509.827],[7.389974385309746,47.119521381347084,503.512],[7.386746586331899,47.1259007014925,468.682],[7.37049492618811,47.120934744837164,460.667],[7.371973069207645,47.11734493206822,448.563],[7.36970764447446,47.11595733035539,447.18],[7.379238533830868,47.10620898663725,503.85],[7.382029784260466,47.09574253229973,541.94],[7.389448117878991,47.0951355074301,536.614],[7.390109044566548,47.09225124531892,476.774],[7.434002932891318,47.100502747365645,466.438],[7.437430246223546,47.09420792993058,482.602],[7.432881065215025,47.08797896136954,498.094],[7.435418402541755,47.080168320143365,550.967],[7.440450509767123,47.07450577314013,546.975],[7.454463996998275,47.07492893266907,545.023],[7.467477255608746,47.07907763579788,514.304],[7.475098353919693,47.086712629089895,502.087],[7.464240887855219,47.09904902556576,471.495],[7.461328677291499,47.10823533941068,464.844],[7.492320731264957,47.11708723721881,463.337],[7.509719123559625,47.125541912536626,462.689],[7.523425748898172,47.14583921518234,460.708],[7.529754968951841,47.14873996471922,460.333],[7.520337816417516,47.15889106178783,504.357],[7.525772882480565,47.162208197991696,464.401],[7.540675324568078,47.163637112398575,460.648],[7.544336326921181,47.16036751968163,493.396],[7.563471611594059,47.168357113674695,453.066],[7.567325946038713,47.163190187766645,455.587],[7.574912904930167,47.164451102978276,455.402],[7.581057437715997,47.16013291591814,459.883],[7.586144456757348,47.14754811782458,466.859],[7.592444144175047,47.152678508104835,464.02],[7.607853466067287,47.15285184424503,462.284],[7.615536452306819,47.15657666835813,458.182],[7.624587292320435,47.152459317656316,461.727],[7.63996063158718,47.153560697579536,477.277],[7.645106852608632,47.14892291172069,464.361],[7.652606600288559,47.15150387064118,468.404],[7.651655932444119,47.16159290036566,467.239],[7.660086008771744,47.16840514157204,467.29],[7.672866558297128,47.16839692823917,469.688],[7.677993707180075,47.18192840288431,471.939],[7.671105814193298,47.184524124460054,492.923],[7.674634713775535,47.190901395952615,497.995],[7.67153336013728,47.194973727732595,472.408],[7.669133628599995,47.19410353362568,475.807],[7.662335297882493,47.2009622971544,463.501],[7.647231231831594,47.201784976173634,468.807],[7.651226625596061,47.206705704788945,475.154],[7.645948196972524,47.215021625517906,449.648],[7.648471777912012,47.21895492590213,436.548],[7.63918256620994,47.223387840469776,421.652],[7.643950561891183,47.225448183668846,422.167],[7.640560913818876,47.22979690995447,421.005],[7.626185274496999,47.22631692152401,422.536],[7.619115149752674,47.22905351102731,419.079],[7.609509781298888,47.23954720106312,442.997],[7.595943635414068,47.24557169813012,483.906],[7.597728556611948,47.2541358010809,633.369],[7.593703101706587,47.26622275552971,827.036],[7.580111405441958,47.27635125868552,1178.175],[7.648280339359223,47.281992373004385,1229.697],[7.677183863750479,47.289114588589854,1062.784],[7.684774921554293,47.293994433871205,1033.479],[7.700856081112578,47.286548069835746,521.926],[7.712340095943294,47.27377008929272,456.452],[7.717517621095893,47.27512164217004,455.3],[7.732673362548331,47.25911559575593,493.28],[7.756825017654181,47.258097328085725,440.199],[7.764841778405222,47.26668900869585,429.806],[7.774607415482223,47.267871414046404,427.8],[7.775812528024233,47.26144106350596,434.571],[7.786153363141911,47.25610022507938,403.372],[7.802154238573501,47.26827657955788,402.038],[7.8052524894104,47.268014908605736,401.893],[7.80704720591915,47.2632565010444,401.497],[7.814776307908778,47.261312113717466,400.913],[7.825113911695704,47.26557490768143,399.699],[7.830382196884783,47.25926993149736,407.096],[7.826094907967049,47.24686183184208,423.033],[7.838945894658345,47.234551610890314,437.908],[7.83665240471826,47.223806224080924,451.156],[7.846916109661676,47.21723072013286,468.372],[7.849148922230785,47.20979749137823,474.727],[7.85994011394977,47.19867385168581,493.489],[7.859966045918408,47.19237767209273,505.253],[7.880396339778882,47.1778529672508,542.185],[7.883264196619788,47.172740602570535,554.318],[7.876816760199445,47.167039897479434,570.068],[7.876300320112327,47.156015184848464,604.225],[7.890104067970354,47.140726185067926,678.074],[7.889803664581426,47.132037446907816,725.758],[7.88649903452142,47.131687289463294,704.753],[7.886182543177109,47.128581613555184,617.506],[7.867119436849464,47.11950501775813,653.44],[7.870048105079933,47.11590844050059,677.364],[7.868151244644889,47.111975763605884,678.827],[7.874954875637526,47.10943706632187,701.086],[7.872914929077543,47.10430242156144,742.432],[7.876196027569499,47.10165807510099,763.936],[7.873598166248944,47.097843644176685,718.818],[7.879514153813355,47.09552236507739,739.276],[7.877908085967623,47.092947674593304,790.747],[7.88164856557954,47.088755456704504,837.846],[7.880141625049651,47.081266594296466,831.997],[7.87670893930367,47.07965381853385,818.584],[7.878965298928414,47.07879992620591,780.269],[7.877283565301971,47.07158776232854,872.997],[7.871621955053531,47.06483150215958,906.224],[7.873907800505739,47.06170608537635,962.18],[7.866208181817402,47.054190967794774,1025.876],[7.866448158288939,47.04979240715542,1061.202],[7.874764287072025,47.04096135061086,1161.999],[7.881595947010606,47.040592814309264,1158.762],[7.88407288633038,47.03327709976942,1146.764],[7.892373365023571,47.030101564634364,1153.034],[7.894754550863593,47.022165945304636,1233.095],[7.900541358262738,47.017977887237976,1227.122],[7.89693267853292,47.0130378968827,1252.837],[7.901831322376101,47.00625311801335,1360.053],[7.922873746959225,47.01055399689017,1235.85],[7.932669208687841,47.00424934765671,1365.554],[7.950083933708313,47.0070452030586,1371.64],[7.956210282762891,47.00342418740708,1346.159],[7.948247912494736,46.99330289162984,1241.923],[7.952434816935546,46.98125849932687,1266.34],[7.943915727497102,46.97718348843201,1205.958],[7.945360604669388,46.96784455589188,1238.538],[7.93224411366857,46.96165076899868,1163.151],[7.93094360817676,46.9497138397195,1229.577],[7.92168267540798,46.94673391507736,1240.997],[7.920864192965412,46.94181862208652,1212.223],[7.912517313857449,46.93308715624705,1215.337],[7.897503622558094,46.93463775909486,918.811],[7.874741568617572,46.92627064388108,801.419],[7.867029299300882,46.91477433885437,743.984],[7.88026720196708,46.910800833389864,754.813],[7.883121985008645,46.90663587122229,761.929],[7.879798999103197,46.90126903279408,928.576],[7.881800970301042,46.89965909562216,967.408],[7.875333022349613,46.8957622951046,1048.182],[7.873053054007254,46.88967486692549,1174.137],[7.856617030887587,46.88348829060563,1287.015],[7.857266984545245,46.8714588637379,1309.363],[7.869496564606499,46.86434940110265,1271.27],[7.867615449330462,46.85036627376999,1323.305],[7.877082094343172,46.83706981925301,965.205],[7.928764656564464,46.8164670911968,1183.376],[7.946750238045605,46.80525077670747,1338.667],[7.954046972149222,46.79120997644083,1100.572],[7.968707902452335,46.785128193349394,1345.296],[7.975718110371467,46.777306949794415,1811.296],[7.98511895444263,46.77504040657382,2206.889],[7.996889610279438,46.78217113408608,2098.383],[8.031387244593681,46.790250351711045,2243.587],[8.059828717570172,46.78639169118006,2087.649],[8.090045244300219,46.78764299430322,2204.964],[8.102353406057937,46.77379989225857,1949.583],[8.121831845173098,46.77037268999181,1367.386],[8.146947528771891,46.754836713568864,1091.016],[8.167939443433669,46.76535300800956,1350.446],[8.172104353814655,46.764135394452694,1467.617],[8.189797263391545,46.77031483438843,2035.742],[8.196309740038144,46.76792771624231,1957.997],[8.20800326721792,46.76945632776946,2120.165],[8.221976490949821,46.761064364098516,2027.913],[8.233546479655159,46.761726318174055,2099.246],[8.240291707059736,46.76950169749874,2328.063],[8.259385204082463,46.763812541829886,2459.003],[8.268694834791571,46.75430641059557,2484.829],[8.283491688059767,46.75316946432211,2255.555],[8.332927398414517,46.78034053497547,1988.261],[8.359922321278225,46.782964619669436,2421.611],[8.369356828746009,46.788218317687715,2642.009],[8.391165018536062,46.77779651903635,2293.171],[8.396393776610402,46.765497320091335,2964.531],[8.41463987416324,46.7743198745541,2731.249],[8.422676909403123,46.77043024236361,2971.254],[8.435498501730352,46.77250594831718,3211.768],[8.446623813143079,46.770264605885366,2650.223],[8.447345190641236,46.757915068299894,2925.512],[8.439114785967298,46.753007382940986,2924.732],[8.443772273312698,46.74709956953272,2852.464],[8.440707425798472,46.74443833006709,2677.821],[8.440696228309521,46.73804545906324,2563.911],[8.449720883499083,46.72983582069994,2304.829],[8.447078919857423,46.72705736353482,2295.113],[8.447264412449268,46.71491422405738,2824.807],[8.454078356448758,46.71084855499043,3317.246],[8.45214765585528,46.70420209739775,3262.179],[8.45516386504535,46.698899903101,3501.227],[8.45229233171897,46.68874209819861,3314.065],[8.440812752226021,46.68550765655493,3168.204],[8.414810306019191,46.68743591257036,3375.702],[8.412232109407654,46.690712409208345,3397.419],[8.399617128457153,46.69287309172344,3297.581],[8.398061377075699,46.67422586768612,3328.111],[8.408433952643957,46.665624764641656,3335.702],[8.410272723737931,46.65293884236723,3501.943],[8.398978886803981,46.65404783656487,3398.675],[8.394754475601784,46.646055602645724,3276.381],[8.380149544572326,46.634155114165516,3221.021],[8.371421835722437,46.63410950856155,3368.432],[8.36851247971223,46.62394037636898,3153.788],[8.370519918583096,46.613935296532574,3038.651],[8.361384870822429,46.598046197983344,3162.515],[8.363456829204063,46.592490064427245,3164.359],[8.360597723257989,46.586299302913716,2822.473],[8.364675865229138,46.58247594253747,2661.28],[8.343949157554993,46.56421515352314,2305.001],[8.316630147661769,46.55902672887141,2567.86],[8.30333288596816,46.54570924347704,2733.467],[8.287377463857725,46.543087949181825,2853.565],[8.279587058477903,46.5360988119068,2786.759],[8.262982922884184,46.53347737370869,2844.527],[8.25806027940513,46.52940318570388,2853.891],[8.180721627072744,46.52034410331893,3477.217],[8.174490195284015,46.524216915701324,3332.217],[8.174507975800582,46.531413888712585,3630.604],[8.149758443731422,46.5316471322231,3551.09],[8.126400471903112,46.53717070701365,4268.883],[8.11417103636652,46.54668744171065,3943.242],[8.095385778622756,46.548898951619194,3660.753],[8.075797609022851,46.55555212674428,3895.357],[8.06146030662591,46.55133211963691,4049.688],[8.032591579565885,46.562182696261196,3606.697],[8.014791120079531,46.56307135620578,3566.688],[7.997300218538692,46.558508735603894,4108.837],[7.985884839560183,46.54773618089977,3561.753],[7.974128056107014,46.546512056854716,3564.486],[7.962996766254292,46.53939716879787,4081.863],[7.973058883275733,46.523775330050505,3672.369],[7.967589960814528,46.51279236692993,3979.775],[7.953494793873217,46.50797480084433,3961.316],[7.941770672510836,46.50771870008797,3811.042],[7.93452236348077,46.50328583075091,3732.379],[7.932643114080889,46.49822379967497,3895.303],[7.923461381335636,46.495073365184176,3753.47],[7.923634379170828,46.491899521231566,3719.512],[7.916790392988974,46.49155515655481,3627.661],[7.911592927470155,46.48674170762581,3733.824],[7.905845806585442,46.48710728890513,3671.303],[7.897657883733653,46.482431483798536,3323.991],[7.890846497809029,46.483331092276025,3380.164],[7.869925948966558,46.47783391300449,3525.417],[7.84466157291623,46.47850527919135,3440.762],[7.825465258485412,46.46708379213052,3127.31],[7.798330182108707,46.45881399113942,3164.947],[7.779414181613032,46.44672962317994,3198.717],[7.778479772742329,46.44333754429222,3088.988],[7.765957984863965,46.439965066575276,3197.661],[7.73509423426422,46.42334409039439,3013.26],[7.721865845431961,46.421011882447296,2832.553],[7.715595769804724,46.41481724361195,2693.557],[7.70852410556287,46.41389698769115,2761.318],[7.693609514039103,46.42493660528051,3696.643],[7.626085935796452,46.445085799286254,2370.428],[7.621150932019045,46.439291995131306,2464.885],[7.609650118623358,46.43674289134431,2594.091],[7.610234193271005,46.42858501717024,2780.9],[7.597389742297172,46.42068407675483,2603.675],[7.600190925321124,46.41597358855256,2843.268],[7.595749233671485,46.41121776614623,2814.76],[7.581554845066814,46.41756293758555,3108.518],[7.533896761088659,46.4096978208753,3237.504],[7.528608068874727,46.400291931979616,3243.667],[7.555267116736761,46.38898396414369,3177.789],[7.540742480026578,46.383751081758376,2774.497],[7.537972942886698,46.377221728381684,2910.837],[7.526958574810837,46.37462465641547,2967.709],[7.507407989654043,46.37591209590021,2839.307],[7.502454772720995,46.370458651633875,2868.898],[7.489264048799273,46.370342948924375,2877.197],[7.485318997515997,46.37194122704634,2877.111],[7.484617588134259,46.379150823381224,2709.405],[7.479401233041794,46.385270336255395,2898.438],[7.462136630509142,46.37642124408815,2948.413],[7.454331018918626,46.38320886123282,2509.579],[7.442404323784654,46.383276347827405,2429.452],[7.438630700007543,46.38614932692335,2685.854],[7.42741679491363,46.38058496449408,2594.435],[7.416858899916133,46.38017484338148,2708.266],[7.401000818479432,46.374207579853554,2769.436],[7.39939904548354,46.37646151939326,2831.204],[7.354921866252766,46.35074541179859,2944.967],[7.315834665203728,46.34379042593334,3029.796],[7.30783231939226,46.352087647519,2907.746],[7.308230037531296,46.35877047637952,2640.995],[7.31254557826261,46.36321615865611,2682.193],[7.310285139940163,46.37515890655932,2806.648],[7.299057905727517,46.366447122672135,2001.516],[7.290515677369879,46.36714296268664,1957.531],[7.262303797280949,46.35823894526479,2579.349],[7.26017646168042,46.34440098959216,2817.511],[7.26272070781087,46.33864972271345,2916.616],[7.253488688211413,46.33067156628114,2862.143],[7.232432965513462,46.326471763913034,2733.313],[7.221488619768972,46.329246364492384,3123.349],[7.222700945947146,46.34856948714026,1960.723],[7.218850132384413,46.35754242723863,1479.467],[7.230062399349489,46.361942596275064,1374.913],[7.226319131222958,46.36501057451412,1544.658],[7.216299805361116,46.36177051398699,1651.902],[7.207228202116363,46.3734891405874,1820.175],[7.208317583308561,46.37867443553454,1667.191],[7.193717611753644,46.378927947331874,2194.135],[7.207783382172198,46.40298066831172,2090.445],[7.209867067378051,46.416279490281624,2345.641],[7.192541824642537,46.43522355579352,2070.139],[7.195137663707797,46.440672830644246,2453.961],[7.21313684555724,46.43950660357839,1898.068],[7.222569725174853,46.442010392950415,1899.459],[7.225973087654739,46.451649187192935,1557.984],[7.232328552276196,46.45393886781854,1438.47],[7.226363699411354,46.457472115625905,1610.855],[7.230911818376391,46.466204743605495,1853.134],[7.224980461510809,46.477481113709,1452.747],[7.224142301761654,46.48688682462017,980.363],[7.236189559514013,46.488028325334625,1029.682],[7.232586735636858,46.4947813860749,1023.516],[7.239567694665191,46.49579040660037,1053.333],[7.245259402511171,46.50218404082849,1091.152],[7.249185075606443,46.521127574001085,1223.535],[7.244734112280707,46.53318990283545,1321.211],[7.245931371006167,46.53782655950152,1386.964],[7.237154623625853,46.546355005090945,1627.93],[7.237075373753143,46.553794592120944,2235.645],[7.255731922269224,46.56029185719148,1955.178],[7.281355112439085,46.58411120244067,1994.666],[7.303521622079118,46.57973971177653,1261.23],[7.30804232221935,46.58131944940278,1363.33],[7.312502489163892,46.58917795689899,1317.342],[7.320730190620692,46.591859157033404,1218.934],[7.314830157538965,46.60041961280083,1557.658],[7.317859615271753,46.61856813114951,1520.995],[7.312107258208497,46.62170416808261,1562.697],[7.313262963959018,46.63662454258449,2205.569],[7.324915749131286,46.63772206771488,2179.459],[7.329692874877246,46.641833019332275,2006.247],[7.321137778792846,46.65461750705503,2036.364],[7.345572916992522,46.65533868451675,2104.762],[7.355824789111457,46.645361317527346,2052.923],[7.357281833800872,46.63928343770851,1809.436],[7.362076959920791,46.64790455484726,1701.503],[7.377260223960607,46.65626286469863,1869.515],[7.369277513780213,46.655580945515176,2104.128],[7.37114123559998,46.66939054969405,1973.856],[7.376448779256353,46.67502772345422,2090.857],[7.376449236572189,46.67502780466498,2090.846]],[[7.234200470895239,46.9293897478496,477.652],[7.234773459043068,46.9382760896036,515.18],[7.230205586565425,46.93995249043881,533.327],[7.229384267079725,46.936897113250595,520.712],[7.215366467898209,46.930749480212434,518.355],[7.21854147412439,46.92434300274426,526.439],[7.234154071598494,46.92939183243167,477.675],[7.234200470895239,46.9293897478496,477.652]],[[7.700804269117331,47.16177700352305,479.783],[7.685371684190233,47.166300979712524,517.796],[7.678171863626827,47.16169762103482,503.572],[7.674428470264555,47.15397289262909,518.02],[7.690158414311004,47.152558817007396,488.809],[7.700318310168191,47.161058313591866,480.102],[7.700804269117331,47.16177700352305,479.783]]],[[[7.558346056654735,47.32236543959395,1141.197],[7.527758139605365,47.322676420014716,1151.913],[7.534475947474948,47.33454943389636,798.509],[7.549961951684333,47.34086117952885,1023.962],[7.552206431482123,47.34531278173315,1072.773],[7.560463784865661,47.342494944337346,928.869],[7.57215201143229,47.328953103211056,1180.044],[7.561706094489116,47.3214299181028,1216.266],[7.558346056654735,47.32236543959395,1141.197]]],[[[7.118713687729588,46.90239459473032,535.962],[7.119154522177556,46.90562271652849,515.766],[7.11323257637501,46.91055494600961,472.329],[7.114853102449134,46.91583647425241,475.727],[7.134663179468727,46.91939433568891,535.539],[7.138443056294886,46.907543306256365,553.063],[7.119693327557331,46.900549967353115,569.673],[7.118713687729588,46.90239459473032,535.962]]]]}},{"type":"Feature","properties":{"uuid":"{54B25E50-30A7-4995-ADE3-5FFF6E13A995}","datum_aenderung":"2018-11-22T00:00:00","datum_erstellung":"2012-10-26T00:00:00","erstellung_jahr":2012,"erstellung_monat":10,"grund_aenderung":"Verbessert","herkunft":"AV","herkunft_jahr":2019,"herkunft_monat":1,"revision_jahr":2022,"revision_monat":1,"revision_qualitaet":"2021_Aufbau","objektart":"Kanton","kantonsnummer":23,"see_flaeche":1060.0,"kantonsflaeche":522463.0,"name":"Valais","icc":"CH","einwohnerzahl":348503},"geometry":{"type":"MultiPolygon","coordinates":[[[[7.462136630509142,46.37642124408815,2948.413],[7.479401233041794,46.385270336255395,2898.438],[7.484617588134259,46.379150823381224,2709.405],[7.485318997515997,46.37194122704634,2877.111],[7.489264048799273,46.370342948924375,2877.197],[7.502454772720995,46.370458651633875,2868.898],[7.507407989654043,46.37591209590021,2839.307],[7.526958574810837,46.37462465641547,2967.709],[7.537972942886698,46.377221728381684,2910.837],[7.540742480026578,46.383751081758376,2774.497],[7.555267116736761,46.38898396414369,3177.789],[7.528608068874727,46.400291931979616,3243.667],[7.533896761088659,46.4096978208753,3237.504],[7.581554845066814,46.41756293758555,3108.518],[7.595749233671485,46.41121776614623,2814.76],[7.600190925321124,46.41597358855256,2843.268],[7.597389742297172,46.42068407675483,2603.675],[7.610234193271005,46.42858501717024,2780.9],[7.609650118623358,46.43674289134431,2594.091],[7.621150932019045,46.439291995131306,2464.885],[7.626085935796452,46.445085799286254,2370.428],[7.693609514039103,46.42493660528051,3696.643],[7.70852410556287,46.41389698769115,2761.318],[7.715595769804724,46.41481724361195,2693.557],[7.721865845431961,46.421011882447296,2832.553],[7.73509423426422,46.42334409039439,3013.26],[7.765957984863965,46.439965066575276,3197.661],[7.778479772742329,46.44333754429222,3088.988],[7.779414181613032,46.44672962317994,3198.717],[7.798330182108707,46.45881399113942,3164.947],[7.825465258485412,46.46708379213052,3127.31],[7.84466157291623,46.47850527919135,3440.762],[7.869925948966558,46.47783391300449,3525.417],[7.890846497809029,46.483331092276025,3380.164],[7.897657883733653,46.482431483798536,3323.991],[7.905845806585442,46.48710728890513,3671.303],[7.911592927470155,46.48674170762581,3733.824],[7.916790392988974,46.49155515655481,3627.661],[7.923634379170828,46.491899521231566,3719.512],[7.923461381335636,46.495073365184176,3753.47],[7.932643114080889,46.49822379967497,3895.303],[7.93452236348077,46.50328583075091,3732.379],[7.941770672510836,46.50771870008797,3811.042],[7.953494793873217,46.50797480084433,3961.316],[7.967589960814528,46.51279236692993,3979.775],[7.973058883275733,46.523775330050505,3672.369],[7.962996766254292,46.53939716879787,4081.863],[7.974128056107014,46.546512056854716,3564.486],[7.985884839560183,46.54773618089977,3561.753],[7.997300218538692,46.558508735603894,4108.837],[8.014791120079531,46.56307135620578,3566.688],[8.032591579565885,46.562182696261196,3606.697],[8.06146030662591,46.55133211963691,4049.688],[8.075797609022851,46.55555212674428,3895.357],[8.095385778622756,46.548898951619194,3660.753],[8.11417103636652,46.54668744171065,3943.242],[8.126400471903112,46.53717070701365,4268.883],[8.149758443731422,46.5316471322231,3551.09],[8.174507975800582,46.531413888712585,3630.604],[8.174490195284015,46.524216915701324,3332.217],[8.180721627072744,46.52034410331893,3477.217],[8.25806027940513,46.52940318570388,2853.891],[8.262982922884184,46.53347737370869,2844.527],[8.279587058477903,46.5360988119068,2786.759],[8.287377463857725,46.543087949181825,2853.565],[8.30333288596816,46.54570924347704,2733.467],[8.316630147661769,46.55902672887141,2567.86],[8.336608383682341,46.56112042383751,2163.107],[8.350645045651648,46.56835929053295,2468.958],[8.364675865229138,46.58247594253747,2661.28],[8.360597723257989,46.586299302913716,2822.473],[8.363456829204063,46.592490064427245,3164.359],[8.361384870822429,46.598046197983344,3162.515],[8.370519918583096,46.613935296532574,3038.651],[8.36851247971223,46.62394037636898,3153.788],[8.371421835722437,46.63410950856155,3368.432],[8.380149544572326,46.634155114165516,3221.021],[8.394754475601784,46.646055602645724,3276.381],[8.398978886803981,46.65404783656487,3398.675],[8.41822680684561,46.65219351552836,3554.371],[8.421991555780263,46.647881145187775,3608.348],[8.418806846325152,46.63591631236753,3512.012],[8.422356456785236,46.627263013213295,3515.7],[8.420406183609664,46.61634957100848,3415.842],[8.416139658222512,46.60682772364057,3359.432],[8.40798905251681,46.60118602339266,3160.107],[8.410307982564897,46.59637613331231,3132.014],[8.406144871504678,46.58596216927016,3018.21],[8.423262321406138,46.560155518679835,2853.557],[8.426320935874147,46.54732491297119,3035.661],[8.429264867692156,46.54331147802231,2935.069],[8.446101323948175,46.53657763693518,2971.697],[8.458163383595778,46.533554527685844,2926.796],[8.465540557005836,46.53548280258862,3039.176],[8.478475610106942,46.52678617200656,2977.758],[8.459910389986181,46.51091289708538,2722.008],[8.451704176285492,46.50780087274897,2997.895],[8.443071194654825,46.49538489245164,2875.708],[8.43166685303689,46.49697648662032,2903.072],[8.419680935261558,46.49261785684231,2839.445],[8.392378569703288,46.49464734556056,3042.694],[8.394290348733213,46.48370184678457,2783.048],[8.385991451461114,46.475676189757635,2501.098],[8.39246894668612,46.46796802102764,2846.621],[8.385459508641983,46.46557008507329,2841.276],[8.385745577225295,46.46181726001896,2615.742],[8.382328901538814,46.45991865137564,2541.334],[8.383325140279634,46.451258032091246,2829.402],[8.366935776979046,46.45192241894098,2472.561],[8.32544133256589,46.42571475688123,3176.305],[8.314963812637005,46.42363229180289,3151.982],[8.307745203403295,46.42589276402986,3374.238],[8.30376875877092,46.42334201856415,3252.455],[8.298948763291172,46.414246371239706,3090.595],[8.288934444155402,46.40811034262742,3106.564],[8.303547989087983,46.40245087691846,3046.504],[8.309672998068248,46.40402513629767,3182.557],[8.315732884455265,46.39896628089971,2995.79],[8.317292701845846,46.394000661584165,2905.609],[8.314157094309456,46.38982554906603,2954.467],[8.318741720079636,46.38612659491197,3212.356],[8.314946899844779,46.38394950136789,3162.962],[8.312899998547994,46.377066758052436,2790.217],[8.300013737959334,46.37407508064226,2538.319],[8.284282725529872,46.363631172025684,2867.773],[8.273075377465233,46.36686243127056,2763.456],[8.263772821679336,46.36402368856602,2824.557],[8.260743212385249,46.36047596842137,2896.527],[8.265879823439167,46.35184410224713,2757.561],[8.259928141832228,46.34866279125343,2556.651],[8.262883918396586,46.34596696001746,2757.488],[8.252944070379433,46.34644186467885,2474.461],[8.250042974084783,46.340758649347656,2879.895],[8.23542444915004,46.34036450430938,2750.409],[8.223995971297501,46.334448758544106,3106.644],[8.221613416229733,46.3302470204698,3101.445],[8.225070431939546,46.326411285798336,3142.753],[8.21465439657127,46.3196623821134,3029.773],[8.212012207857837,46.30927747163672,2742.087],[8.198750817428577,46.302251123006776,3092.795],[8.194438136240247,46.30344433675623,3241.626],[8.17889776010973,46.2973903277137,3043.79],[8.160955337004316,46.295929659416785,2872.079],[8.1470021396059,46.30153783110056,3042.464],[8.137375940490221,46.3017058268424,3075.494],[8.120857243157277,46.29187416101746,2965.956],[8.113563617970893,46.281143986049436,2733.36],[8.105455730455052,46.27964779457998,2985.01],[8.100497733196368,46.27370153290165,2808.783],[8.085928414806254,46.2666183678393,3234.82],[8.086058105490991,46.262114182346515,2931.038],[8.080412403292511,46.26062960531011,2848.496],[8.082614309643326,46.256538540201355,2801.161],[8.101350966665429,46.25241330155079,3173.424],[8.101618116917951,46.24946915764697,3399.384],[8.110155312614607,46.24950535366652,3553.474],[8.115328209419454,46.23600381210247,2973.754],[8.120479474733457,46.236032206908654,2861.107],[8.127317741700713,46.22827758531038,2766.97],[8.138878216172884,46.226148691673984,2856.768],[8.143525502459289,46.21159543219897,2075.901],[8.15139256313729,46.20282126809408,1315.41],[8.153294938595252,46.19110353946567,1489.09],[8.165510038703903,46.18222782959777,2236.794],[8.165284685039417,46.17691538048533,2520.648],[8.158581839442125,46.17406452600669,2551.186],[8.14987894048954,46.16250327508915,2203.521],[8.149741689414816,46.156937963748,2196.724],[8.155344940515155,46.14763151447533,2431.367],[8.14438966357649,46.136823565397115,2446.003],[8.125187670695837,46.13527253342353,2589.023],[8.115415962268475,46.130346345552425,2548.717],[8.113807630805391,46.1174398567477,2521.994],[8.108233506370953,46.11162910774641,2607.391],[8.054309805846852,46.10129610410619,2861.474],[8.034763725071883,46.1008371390574,3653.818],[8.029099583059054,46.080922192915196,3160.363],[8.022531421936124,46.074709272552234,3463.277],[8.021662315986497,46.06936652855256,3414.716],[8.035415129133042,46.04404565526651,3193.641],[8.011892117656263,46.031210548904745,3225.792],[8.017501287026372,46.0247049836314,3093.4],[8.010758719173639,46.01885407094849,2857.617],[8.012413268607276,46.01197059356981,3058.128],[8.001084582361614,46.01221178995693,3189.12],[7.989088536819671,45.99593220154499,3034.518],[7.977114366677653,45.99945409435496,2898.057],[7.957335621438055,45.99607357322521,3182.911],[7.908679852840608,45.99693729556897,3609.352],[7.893849607558466,45.97863559137861,3715.691],[7.87742559093321,45.97386060022535,3615.018],[7.881811599761519,45.964009094648944,3663.579],[7.874946647384546,45.95806964320624,3582.475],[7.87889550211831,45.95428088410002,3765.845],[7.877133188249749,45.949049036991624,3921.871],[7.870374291831981,45.947363473376974,4343.48],[7.868408851476044,45.9367143496512,4613.686],[7.877052523484211,45.92719596612592,4554.916],[7.873073430536164,45.92046587648099,4388.02],[7.86407650605122,45.91675066247954,4281.061],[7.858500718262755,45.92086949640586,4229.549],[7.836720594218382,45.92172472527419,4480.31],[7.821765492808741,45.92696071452396,4452.116],[7.799517828006091,45.91712660800665,4128.906],[7.76926799332279,45.93711770852471,4071.575],[7.747751577948127,45.94100841625674,4163.736],[7.74582887633035,45.934878222298586,3850.706],[7.735093473543102,45.92397289438577,3899.277],[7.720480378447318,45.92379024821872,3720.602],[7.707321404992417,45.93489430613351,3478.861],[7.709879167417471,45.94809544781572,3394.554],[7.698821999222351,45.9544990733222,3437.378],[7.681015578382944,45.95699926553244,3476.131],[7.677053121373929,45.965079074706715,3310.974],[7.664274256199877,45.97565865716517,3848.432],[7.65699816093286,45.97656337221516,4437.026],[7.639538545311812,45.97011218247203,3573.643],[7.619582279752104,45.9723777168755,3701.859],[7.610348335224728,45.96934544064863,4018.649],[7.588631952535422,45.97050507972667,3597.133],[7.581702667422472,45.97437721135868,3795.702],[7.578607760781715,45.98601247724759,3555.863],[7.550134069119612,45.98655640500187,3375.363],[7.541478189673759,45.97616627617626,3609.826],[7.546581334518273,45.96303590702734,3233.173],[7.542717920089313,45.956963263015034,3294.753],[7.527978477389484,45.95649334887894,3496.925],[7.518061109629044,45.96269071903092,3232.409],[7.507531501349748,45.95796806246624,3197.932],[7.499186023647344,45.96241871137169,3394.018],[7.493439278770081,45.95568868286759,3520.141],[7.477667730910808,45.95227121544321,3344.051],[7.471380880761155,45.94719496812647,3656.956],[7.474727310959192,45.935836101496946,3670.759],[7.444372288834908,45.93160173278856,3471.986],[7.427138005927993,45.91545254596575,3391.934],[7.410834263003666,45.90863920189943,3410.989],[7.401752928460476,45.91151342198562,3247.549],[7.386333846167561,45.897146350877314,2981.795],[7.361212946975493,45.90330571182857,3447.075],[7.356462476270593,45.91064264733441,2806.504],[7.344303054685032,45.91524055177693,3345.785],[7.32390374138391,45.91021084444192,3300.932],[7.318088062852347,45.9116450740033,3202.899],[7.316300049830027,45.91652314213553,3413.538],[7.301819447067718,45.91715270323477,3316.191],[7.29443525306172,45.92182051846576,3576.258],[7.285276613824318,45.9156736261084,3425.268],[7.276889240081132,45.900735717784464,3243.318],[7.271475444851585,45.899968654882066,3203.247],[7.256833450496329,45.88815646020139,3616.288],[7.249486363497017,45.893134019800215,3681.592],[7.216381902674121,45.88880136641411,2952.931],[7.215700546428644,45.883872183393144,3051.033],[7.200118174556285,45.87551372333071,2804.803],[7.197642171959643,45.87032265268033,2856.697],[7.200810819007484,45.86308121215174,2962.874],[7.196489476844156,45.860260224489295,2775.115],[7.190602614386902,45.85867970344016,2730.413],[7.175322752598084,45.86290457305794,2798.637],[7.161591630026302,45.87162907982657,2654.254],[7.164146564318269,45.87681098830747,2866.758],[7.153542329492395,45.8792532095398,2861.391],[7.135197084853107,45.87267352616153,2851.428],[7.132281445479681,45.8674414011411,2879.681],[7.118454130358722,45.859442247029165,3006.675],[7.101501773746038,45.859184219449915,3236.813],[7.092082862299539,45.872065144490925,2838.965],[7.095432480606126,45.87586356564628,2761.465],[7.080089115580211,45.885138213670245,2549.58],[7.076605701564069,45.89518270049142,2713.786],[7.064204678803633,45.900078260539324,2770.939],[7.064480938263358,45.909277382427554,3166.336],[7.06056859767822,45.9133905720885,3357.901],[7.043735043422194,45.92316116322528,3636.194],[7.042655915493338,45.92968095786486,3481.402],[7.03573135043206,45.93830542703538,3674.074],[7.038563967796953,45.945517425274744,3576.399],[7.037439461485675,45.954874524038374,3638.527],[7.017428649479265,45.960424325970024,3876.931],[7.008490217604654,45.96903083670714,3680.083],[7.010148382060112,45.97323066135531,3488.762],[7.02362394224587,45.9790531087461,3463.202],[7.012210784319498,45.987260508259354,3316.461],[7.010542648409754,45.99735851030895,3439.102],[7.005375569863983,46.00125192693061,3240.446],[7.000580489834752,45.998929736763245,3239.039],[6.984983589918981,46.004605213150235,2935.569],[6.981319919639311,46.019571775490064,2679.133],[6.966528310748195,46.031149991726075,2321.191],[6.962888905913662,46.030432157473925,2269.408],[6.950140234887463,46.051593107329055,1123.105],[6.943929144951377,46.050610796362896,1132.148],[6.935049606091497,46.05596481101718,1363.36],[6.937321122085659,46.06428206051283,1688.406],[6.924588615388942,46.06524449749398,1974.667],[6.909637445487972,46.05075468724563,2569.762],[6.894799489484683,46.04810065119073,2643.473],[6.891272086361858,46.04269437058679,2723.393],[6.871727331421302,46.05115078927805,2824.747],[6.880286426825569,46.069281591445815,2762.215],[6.891799910056542,46.073740257640885,2838.443],[6.888142480894079,46.07909839499022,2696.128],[6.891890826003233,46.08512600050659,2597.001],[6.882218933563125,46.09516227314975,2952.969],[6.895142860661362,46.10814932488172,2932.307],[6.893129532899756,46.11361447071994,2800.97],[6.899934866831858,46.12388006017847,3035.184],[6.851271598874084,46.12665739768072,2597.945],[6.838189883705088,46.132949370799295,2727.542],[6.815114438852549,46.12926615162543,2633.732],[6.807229473483178,46.13652034227305,2385.976],[6.79810208833949,46.1362095781279,2353.04],[6.790267107188235,46.154012171744704,2093.658],[6.791718509530326,46.162933109700084,2297.175],[6.812566212285009,46.18140725945638,2121.355],[6.803547087274089,46.20460992771321,2203.367],[6.821589388510302,46.223119191181844,2095.506],[6.821206563569583,46.23231546083446,2126.209],[6.830652147917106,46.23439215101139,1877.139],[6.839796094983452,46.24822102289354,1668.525],[6.855414336043301,46.255206543216104,1727.099],[6.854451387510361,46.25929746172463,1792.236],[6.860186340666221,46.26623140708444,1653.02],[6.858902278633059,46.27387898486176,1851.819],[6.864936332833688,46.28019677559907,1980.174],[6.857783904372177,46.291298428637795,1973.04],[6.847368028589004,46.28987672810103,1864.086],[6.834775911214442,46.29979936395385,1961.217],[6.829958867130973,46.300178423660135,1894.646],[6.830277092332,46.30612923582471,1829.542],[6.819810216852512,46.31556836210082,2014.954],[6.807037519250162,46.32074948077019,2002.856],[6.80037190506479,46.32004330342163,1917.944],[6.796392986459819,46.333002526366975,2273.622],[6.784314607584896,46.33280349499029,2418.962],[6.784518215567185,46.33683364107213,2329.363],[6.771018655640829,46.3537691123436,1429.715],[6.77144433291796,46.36102420717771,1191.74],[6.780708554169422,46.36653173729837,1031.318],[6.792671912784282,46.36758745667373,871.063],[6.805428804733766,46.37841267186823,669.496],[6.806415429045706,46.38296128254179,569.379],[6.801925225293605,46.38889233654483,437.783],[6.821069658830557,46.42715688316263,372.13],[6.862465326054666,46.390953753532386,372.059],[6.884775017855881,46.37606829747751,373.34],[6.886862822319494,46.36555236899522,373.319],[6.881822352565576,46.354490444179206,373.822],[6.894499478482579,46.34159821264271,375.48],[6.901730835941088,46.33857561228374,376.803],[6.918359230172502,46.33926857374927,378.406],[6.930067666469357,46.33002134251829,380.324],[6.937076448199299,46.29751097730574,385.615],[6.95994310828261,46.2839953775278,388.316],[6.965578753470656,46.26823958346058,390.383],[6.987035936142533,46.252832924652154,392.155],[6.989543747351587,46.244030221832254,393.402],[7.002059043921285,46.23295840703747,396.842],[7.002685234459174,46.22495965267872,400.275],[7.007988888569347,46.220516503862335,401.836],[7.011790652432032,46.20559415952487,408.152],[7.024966576075301,46.19770896743633,421.048],[7.033181164526172,46.18707186978091,437.425],[7.064535038556067,46.19961627531619,2319.061],[7.088436292546707,46.20158867106865,2858.269],[7.106282688928636,46.21102037021446,2803.946],[7.122519409097174,46.223475857259594,2810.833],[7.121222670434896,46.22931985635874,2585.54],[7.124172073966222,46.23593231311392,2962.923],[7.140960930715934,46.237905074220954,2853.455],[7.150167051986982,46.24313428025344,2704.206],[7.155232740726656,46.25275335355019,2904.607],[7.161891310044648,46.253914593807764,2827.986],[7.178150017244436,46.26858327085164,2577.574],[7.188418904478753,46.27066773914769,2547.587],[7.186307707234693,46.28284362595047,1970.656],[7.196948409586455,46.289130053827364,2030.712],[7.18924852443833,46.29517235110144,2241.4],[7.189058186238314,46.303897140500126,3210.884],[7.221488619768972,46.329246364492384,3123.349],[7.232432965513462,46.326471763913034,2733.313],[7.254538972370181,46.33137023372103,2854.509],[7.26272070781087,46.33864972271345,2916.616],[7.26017646168042,46.34440098959216,2817.511],[7.262303797280949,46.35823894526479,2579.349],[7.290515677369879,46.36714296268664,1957.531],[7.299057905727517,46.366447122672135,2001.516],[7.310285139940163,46.37515890655932,2806.648],[7.312662019454799,46.36457365080132,2640.284],[7.308230037531296,46.35877047637952,2640.995],[7.308231957295626,46.350895446152286,2923.322],[7.315229698841845,46.34385616997651,3035.628],[7.323918126000214,46.34428405648881,3043.614],[7.354921866252766,46.35074541179859,2944.967],[7.39939904548354,46.37646151939326,2831.204],[7.401000818479432,46.374207579853554,2769.436],[7.416858899916133,46.38017484338148,2708.266],[7.42741679491363,46.38058496449408,2594.435],[7.433391407148411,46.385084117923576,2558.825],[7.454331018918626,46.38320886123282,2509.579],[7.460339119622039,46.37727958819377,2843.936],[7.462136630509142,46.37642124408815,2948.413]]]]}},{"type":"Feature","properties":{"uuid":"{921DFEF2-6D91-4CB8-9CFC-2A831C412020}","datum_aenderung":"2019-11-06T00:00:00","datum_erstellung":"2012-10-26T00:00:00","erstellung_jahr":2012,"erstellung_monat":10,"grund_aenderung":"Verbessert","herkunft":"swisstopo","herkunft_jahr":2019,"herkunft_monat":6,"revision_jahr":2022,"revision_monat":1,"revision_qualitaet":"2021_Aufbau","objektart":"Kanton","kantonsnummer":22,"see_flaeche":39097.0,"kantonsflaeche":321202.0,"name":"Vaud","icc":"CH","einwohnerzahl":814762},"geometry":{"type":"MultiPolygon","coordinates":[[[[6.854742591693489,46.3982722598977,372.133],[6.821677490219629,46.426969871096404,372.13],[6.68187083651851,46.45433331601159,372.13],[6.5191176765336,46.45636804680419,372.13],[6.425632343678872,46.41580696441521,372.13],[6.335202328291942,46.4037163201281,372.13],[6.252969987543218,46.36042085150722,372.13],[6.241432138979665,46.34366793923875,372.13],[6.202062742605798,46.35476496274308,404.921],[6.197667400957492,46.3604053612565,436.705],[6.186932358217943,46.360539558131784,458.409],[6.18024836765802,46.36457854999747,471.851],[6.17441203557873,46.36238061342873,472.813],[6.176249923882318,46.36004541625376,460.775],[6.171101243712502,46.35840018907808,467.193],[6.172706788052215,46.35480558428649,463.224],[6.194885180530619,46.348616263555954,408.186],[6.193127208963626,46.34371703592415,405.654],[6.20357637969105,46.33882064052718,379.264],[6.232321812064592,46.330435296256155,372.119],[6.19874273388551,46.28442905481575,372.13],[6.153381081681521,46.29915901736285,426.16],[6.125938865161864,46.31618140844327,467.977],[6.125256781895451,46.3193066281767,461.326],[6.139186006356565,46.3332022532815,463.531],[6.137920950254485,46.33873046055016,463.852],[6.149407905290305,46.34270724240864,464.283],[6.151493276688123,46.34738345170805,464.569],[6.15769845819327,46.34990760283746,465.055],[6.161468768844361,46.359916552233614,466.246],[6.169927363391991,46.366083143337534,472.807],[6.160457015191863,46.37874935769418,480.325],[6.149672574448375,46.3775241592026,551.625],[6.11298065960878,46.39994150872338,1117.654],[6.114773356408199,46.39723533159834,1098.163],[6.105681956315606,46.399418147148104,1225.295],[6.097630647661656,46.40903747904314,1351.3],[6.063857215983865,46.416390023183446,1269.283],[6.086406285085759,46.443881959119345,1238.976],[6.074413773352766,46.453508729366796,1230.398],[6.076914081094282,46.45759650623185,1183.006],[6.073450514022695,46.459881250709934,1170.151],[6.072793436021568,46.465443954599074,1150.84],[6.096901307489338,46.48129953065958,1222.283],[6.112604169005138,46.50956480714217,1120.092],[6.137957628214022,46.530994478900126,1097.439],[6.143684809609488,46.52773736948999,1283.479],[6.153471219018242,46.53679014615697,1303.984],[6.148581620319515,46.53936567000078,1122.385],[6.156661694649297,46.54529798183717,1112.346],[6.110472518725078,46.57643897237962,1313.76],[6.126520013962521,46.589920064200804,1338.426],[6.161198303320329,46.609964781704804,1358.775],[6.178967314602425,46.61575271007949,1383.906],[6.179498443405304,46.62010345951493,1352.783],[6.196303701182698,46.62824803300573,1370.997],[6.199500260880074,46.634526345490215,1373.909],[6.207405363715782,46.63562115811318,1369.303],[6.227570012190698,46.64819172493541,1363.701],[6.232758221237105,46.65446053500135,1404.689],[6.26725542275699,46.676210708564675,1270.717],[6.270453454747015,46.67909979192215,1196.592],[6.269131055928664,46.68255005469487,1199.065],[6.281993273035118,46.69067386202375,1150.089],[6.352143345264239,46.71485793545748,1348.399],[6.360162675593795,46.72308607935984,1376.035],[6.371698313494349,46.72412091484942,1157.374],[6.371301509386806,46.72918280781644,1047.421],[6.367651102028369,46.72916741788457,1076.533],[6.38491696921651,46.73137578044644,812.813],[6.392022027453663,46.73897014150766,977.848],[6.388399757007292,46.743294850289075,1087.555],[6.395198768640315,46.74847036011251,1165.234],[6.424621017201727,46.754462023690905,1277.939],[6.438190991733134,46.76177708647688,1369.356],[6.438442998315644,46.76667866964086,1254.908],[6.452245548766251,46.77421705082843,1209.563],[6.451668242856999,46.77863127675459,1186.408],[6.458411314487226,46.78877389314129,1282.75],[6.434787753212076,46.801488108562786,1135.538],[6.431040252390634,46.812357406944145,1148.291],[6.440834340855347,46.815820283702465,1091.495],[6.439511200383138,46.82397716248198,1100.386],[6.44316078554117,46.832712450777464,1138.643],[6.460032261557643,46.8513035855994,1084.35],[6.465362511473183,46.8508335946313,1068.591],[6.466520981948082,46.847833498971646,1114.27],[6.482107067792006,46.846593170336156,1203.369],[6.523310876334756,46.856564332742934,1346.045],[6.551431824054801,46.87279251355337,1367.209],[6.587630477366845,46.88430814585649,1246.605],[6.627105512287209,46.88870616578397,1268.577],[6.64722451407508,46.910701740487134,1099.363],[6.668517912160221,46.920560380525316,1070.712],[6.720827567293763,46.93609007572599,1412.931],[6.723703191076553,46.93111843646447,1432.587],[6.716701226037724,46.90607693613712,1328.259],[6.740108131020479,46.89481295056476,694.898],[6.738005419275754,46.8845629675586,630.867],[6.740686083131563,46.88332595037031,632.949],[6.732508268892453,46.86830884714745,613.727],[6.740000672552208,46.871980467693945,607.587],[6.75525943426474,46.8704591311344,430.05],[6.779825783191221,46.85296088608456,429.25],[6.74186912977201,46.82787569388189,429.25],[6.77881011278401,46.80057258704376,620.098],[6.783525147627286,46.80282792345576,632.259],[6.787278530795716,46.79960399566384,653.814],[6.775983581390249,46.78975179721723,687.857],[6.783011814099516,46.7933859158956,682.039],[6.79793685946855,46.78287681321972,675.056],[6.804653682131558,46.785644209732396,677.441],[6.825395681797878,46.77283867589099,651.646],[6.828064398619158,46.77662736115842,646.393],[6.833080460203789,46.774541004584705,710.212],[6.839493947564216,46.78095673858024,689.583],[6.844112002226432,46.77886254874007,739.735],[6.851599210111978,46.78587640678341,688.258],[6.85909218816629,46.78800315347446,695.56],[6.863798137616426,46.78528470495005,606.98],[6.863797056300043,46.781121154636054,637.481],[6.879547667269558,46.77530024880012,512.061],[6.894202897856986,46.77729551940538,474.534],[6.907341624648789,46.7838197148318,461.345],[6.910993814073899,46.77970973708004,455.447],[6.917110333829688,46.78471124436452,453.755],[6.921121854667577,46.79680781889404,450.133],[6.931521992182089,46.80461807300863,447.479],[6.927420579399859,46.809055170290534,445.796],[6.919997710149898,46.81056981970206,454.975],[6.91134498630475,46.803133612111964,467.884],[6.904885997622954,46.80561012262665,474.732],[6.910850709827566,46.81252983855369,477.04],[6.904881871898107,46.824975210255225,445.592],[6.907399376784169,46.834194578057456,444.557],[6.920403833230226,46.84807636493438,444.602],[6.930624913082317,46.8532425414214,442.962],[6.912870613576538,46.86593561791633,495.835],[6.896464598144536,46.86123182501378,499.935],[6.891870511669687,46.86495833329248,486.509],[6.909527298163606,46.86951085255161,496.795],[6.911764883155762,46.86714941672734,495.614],[6.921005659202224,46.8713309813583,483.736],[6.910797428685001,46.88062517720576,476.559],[6.906955213100268,46.87862261777748,482.833],[6.896419181619553,46.883038687434976,456.851],[6.865690140811739,46.90957515176269,429.25],[6.896230270678378,46.92548617984695,429.25],[6.930320462416603,46.89952686615622,436.238],[6.924438317791027,46.89342028076191,446.701],[6.938365656033199,46.889968245365296,484.996],[6.951689263708587,46.87763721009074,446.265],[6.951087234852116,46.87481176007161,458.825],[6.960229930856892,46.87144343472943,439.247],[6.96488349729591,46.86539180931728,439.979],[6.969437477797828,46.86734005629986,439.41],[6.95906479026273,46.87870500965937,453.923],[6.958113589547678,46.8814537437918,469.431],[6.961752642128345,46.88397681057225,465.856],[6.973753910306813,46.88731586102558,478.346],[6.988895371726261,46.873460030551804,437.372],[6.97694422833625,46.86052735446552,438.298],[6.980583969074234,46.85801763327639,439.443],[6.977813116579821,46.85495823350616,440.671],[6.979287932187926,46.84695601359819,456.798],[6.988660340575522,46.84358066984336,494.684],[6.983074770957572,46.839825230591444,488.398],[6.986135404759431,46.83472442365205,498.894],[6.992808260194891,46.83248134701717,522.619],[6.989695222363602,46.82640568624068,492.391],[6.98344180264815,46.82197298864248,480.196],[6.971013344377656,46.82405481783231,463.335],[6.965144689533681,46.82824081378341,454.313],[6.956508549158743,46.81493582913504,468.64],[6.966662745259946,46.80270378025312,631.461],[6.955993949789316,46.79342452709057,582.268],[6.958631480789321,46.79030646834993,592.661],[6.957089606843525,46.78759337650588,590.091],[6.950117778657884,46.78277789361027,573.898],[6.941813810078052,46.783540041946274,580.061],[6.931541813247343,46.77540488434744,577.057],[6.931245006251524,46.772509908245055,597.833],[6.935310573119152,46.7715395084783,631.033],[6.923052666104051,46.7620084830969,607.24],[6.920110759323234,46.759859581954906,597.461],[6.914431209410639,46.7627275504203,587.607],[6.908282642545374,46.75746834103134,588.137],[6.910548208383716,46.75326304851198,587.114],[6.916679939798671,46.75461584383253,529.14],[6.920017665884107,46.7513043010017,554.777],[6.930335547257798,46.7542183969446,622.145],[6.937963161800186,46.74947223942489,717.098],[6.94110461556643,46.74514087720575,722.092],[6.936334282487342,46.733949254485715,763.068],[6.917730014547566,46.718712254578776,786.429],[6.901029979924049,46.711409723474866,802.421],[6.892308486594396,46.70258312587806,779.563],[6.894398704283932,46.70124108340114,785.946],[6.889594091115567,46.69388434100703,798.676],[6.873121118711549,46.68332456317088,806.349],[6.868402591166066,46.68572859110505,758.265],[6.862687522763737,46.680948812904994,718.305],[6.864120092506767,46.67677123745261,708.16],[6.871708470869593,46.673253174129215,814.038],[6.864394360876282,46.66476352932072,826.181],[6.868334065936747,46.66296916639181,815.706],[6.865871006218652,46.65894204427418,828.077],[6.85938543060071,46.65995219998855,843.71],[6.853520748048244,46.65546226970065,830.171],[6.842165929126931,46.65883914264458,830.212],[6.844114475609139,46.66084423416863,830.952],[6.833384631651754,46.66223078342429,770.64],[6.827408582296948,46.65982265560999,715.25],[6.818504227658902,46.64780217121816,690.038],[6.806940564957359,46.65060794506511,627.694],[6.798550223087287,46.648608427247886,551.818],[6.803668257483077,46.64567472971275,574.553],[6.796917694584584,46.63314501138064,717.681],[6.802279642968393,46.62775054799796,674.441],[6.803890632542549,46.60903380221469,743.652],[6.802384930432994,46.601424583282444,730.003],[6.79832948075768,46.599867439088754,718.702],[6.801232753520376,46.59250410351975,653.205],[6.794902137444683,46.57531861130669,698.594],[6.813219685216909,46.57822974143463,593.846],[6.81152360483234,46.58099026354244,592.739],[6.814102497934329,46.585668891416454,588.827],[6.82059354566583,46.58368341707782,614.205],[6.823710097748855,46.577478239245906,627.958],[6.834845758749137,46.57533721476763,658.65],[6.84643902817715,46.58394718677824,711.754],[6.859959029584649,46.57986842112287,830.325],[6.867894173981124,46.57515582834256,819.607],[6.874457362205246,46.564970911104865,847.961],[6.879428916776727,46.56713115267592,859.313],[6.884499685902917,46.56195343716423,849.99],[6.888163220950343,46.567700602476826,842.303],[6.901645891003791,46.56972669025607,839.841],[6.898843530791022,46.56499661087557,821.839],[6.902045569539498,46.56116461935799,804.825],[6.888218560948346,46.558148805662356,796.16],[6.869236660120631,46.54334377948389,739.086],[6.861077638639661,46.53068453313674,700.958],[6.855000362023194,46.54143908859974,676.217],[6.830318853454374,46.53744244253129,638.242],[6.825181860135705,46.5380169072011,635.723],[6.827828866612659,46.5429488326869,631.26],[6.825527246496534,46.54357089549038,630.476],[6.818272634170661,46.53649775760292,634.96],[6.810873884615511,46.52512996315603,650.136],[6.824287721263525,46.51207815528916,825.508],[6.830798849082578,46.51204736252078,736.712],[6.837833442843634,46.4994898154418,747.58],[6.848902426947324,46.49337471841074,724.695],[6.862760236331127,46.49384750002965,811.997],[6.866336882611984,46.50079188034092,949.5],[6.896700462608898,46.52044817833882,805.943],[6.895714798258565,46.507750017334395,639.85],[6.901139627783663,46.513273865789714,711.311],[6.911384404969406,46.51324889552382,750.551],[6.934609281148085,46.501396307747186,980.245],[6.954196196054888,46.50191024176359,1127.79],[6.972094757411443,46.49119409639324,1244.471],[6.973801025592452,46.481187817708076,1360.413],[6.981319373112333,46.4753900809843,1790.242],[6.977823942482122,46.47289272682525,1871.559],[6.979057361617105,46.461068306620824,1763.574],[6.992110177560722,46.44891307037697,1711.46],[6.983606412281985,46.438732212723664,1835.688],[6.987451581658404,46.437938035289335,1888.714],[7.017853910833022,46.44706857385555,1031.656],[7.021975163367964,46.461116963412834,1633.401],[7.061084546068098,46.487275197340466,1424.484],[7.102992615940035,46.487861342805495,2003.932],[7.110293727278644,46.49480450456631,2124.479],[7.122785509564697,46.49869933552202,2139.154],[7.135364957090532,46.50762083994233,2170.318],[7.145007522503371,46.526864561213706,2264.512],[7.163457146222252,46.52854776054349,2240.148],[7.192173075713498,46.54655857895373,1435.714],[7.200808653075288,46.54169336518344,1676.917],[7.207648914560299,46.532907136284905,1810.383],[7.223401952123818,46.54785599893801,2179.673],[7.23644564676044,46.55408095572572,2173.979],[7.237154623625853,46.546355005090945,1627.93],[7.2460286406649,46.53753229808371,1383.865],[7.244734112280707,46.53318990283545,1321.211],[7.249185075606443,46.521127574001085,1223.535],[7.245259402511171,46.50218404082849,1091.152],[7.239567694665191,46.49579040660037,1053.333],[7.232586735636858,46.4947813860749,1023.516],[7.236189559514013,46.488028325334625,1029.682],[7.224142301761654,46.48688682462017,980.363],[7.224980461510809,46.477481113709,1452.747],[7.230911818376391,46.466204743605495,1853.134],[7.226363699411354,46.457472115625905,1610.855],[7.232328552276196,46.45393886781854,1438.47],[7.225973087654739,46.451649187192935,1557.984],[7.222569725174853,46.442010392950415,1899.459],[7.21313684555724,46.43950660357839,1898.068],[7.195137663707797,46.440672830644246,2453.961],[7.192541824642537,46.43522355579352,2070.139],[7.209867067378051,46.416279490281624,2345.641],[7.207783382172198,46.40298066831172,2090.445],[7.193717611753644,46.378927947331874,2194.135],[7.208317583308561,46.37867443553454,1667.191],[7.207228202116363,46.3734891405874,1820.175],[7.216299805361116,46.36177051398699,1651.902],[7.226319131222958,46.36501057451412,1544.658],[7.230062399349489,46.361942596275064,1374.913],[7.218850132384413,46.35754242723863,1479.467],[7.222700945947146,46.34856948714026,1960.723],[7.221488619768972,46.329246364492384,3123.349],[7.189058186238314,46.303897140500126,3210.884],[7.18924852443833,46.29517235110144,2241.4],[7.196948409586455,46.289130053827364,2030.712],[7.186307707234693,46.28284362595047,1970.656],[7.188418904478753,46.27066773914769,2547.587],[7.178150017244436,46.26858327085164,2577.574],[7.161891310044648,46.253914593807764,2827.986],[7.155232740726656,46.25275335355019,2904.607],[7.150167051986982,46.24313428025344,2704.206],[7.140960930715934,46.237905074220954,2853.455],[7.125459553677995,46.236846959787705,3034.401],[7.121222670434896,46.22931985635874,2585.54],[7.122519409097174,46.223475857259594,2810.833],[7.088436292546707,46.20158867106865,2858.269],[7.064535038556067,46.19961627531619,2319.061],[7.032892490461731,46.18729558751878,436.761],[7.024966576075301,46.19770896743633,421.048],[7.011790652432032,46.20559415952487,408.152],[7.007988888569347,46.220516503862335,401.836],[7.002685234459174,46.22495965267872,400.275],[7.002240950030817,46.232645915740214,397.05],[6.989543747351587,46.244030221832254,393.402],[6.987353442944602,46.25249223990713,392.144],[6.965578753470656,46.26823958346058,390.383],[6.95930199515182,46.28463537812347,387.896],[6.937076448199299,46.29751097730574,385.615],[6.930067666469357,46.33002134251829,380.324],[6.918359230172502,46.33926857374927,378.406],[6.901730835941088,46.33857561228374,376.803],[6.894499478482579,46.34159821264271,375.48],[6.881822352565576,46.354490444179206,373.822],[6.886862822319494,46.36555236899522,373.319],[6.885127237200589,46.37561097275916,373.381],[6.857891015054893,46.39570924012345,372.13],[6.854742591693489,46.3982722598977,372.133]],[[6.971034603353747,46.826562413816816,471.965],[6.970761549273472,46.82714210630809,471.773],[6.971034603353747,46.826562413816816,471.965]],[[6.184428047080724,46.34584575361271,441.454],[6.175563953847908,46.35132635274718,461.711],[6.166785581046582,46.34308757369111,472.609],[6.17130333993183,46.340565819741144,455.204],[6.174531588838352,46.34691921559996,459.341],[6.181687188409455,46.34368498849894,438.553],[6.184428047080724,46.34584575361271,441.454]],[[6.77301044247313,46.751366036568626,680.292],[6.768270764488742,46.74448657641315,706.792],[6.748699703191193,46.73180491582685,757.509],[6.758792133838069,46.725476215984315,814.886],[6.76240814823892,46.717374201356705,802.26],[6.777396058799154,46.726118260884206,793.849],[6.777559670272222,46.729774561025835,780.452],[6.784446588133509,46.735426233639934,750.051],[6.786263270996304,46.747610657149266,668.596],[6.778801401499577,46.75121194551477,687.616],[6.776106449698311,46.74939760895503,684.357],[6.77301044247313,46.751366036568626,680.292]],[[6.817484063820099,46.73328694597133,709.521],[6.832562621956366,46.73501980730545,659.326],[6.84632997434143,46.7274775717424,643.479],[6.864526590059457,46.72520684335602,485.742],[6.867925199880898,46.72841953052642,489.639],[6.865407178683101,46.72932799069308,482.056],[6.866161490140449,46.73301974862983,470.92],[6.882090156173891,46.749805323139974,466.072],[6.865391040705739,46.762567105785344,536.807],[6.858831139099701,46.761460201919824,512.697],[6.860173989068,46.76639874430038,530.511],[6.85157045122074,46.77227411351306,625.667],[6.853069074399492,46.77471540582324,634.788],[6.84762473522484,46.77493560091656,675.945],[6.845640620619879,46.771702127623605,683.325],[6.848815716604573,46.771123898309334,644.131],[6.845472009436092,46.765856510601594,642.016],[6.829321883426045,46.75607170387146,653.111],[6.830427167024057,46.75382055388891,607.208],[6.814986739715775,46.740479656242705,656.066],[6.816338453154705,46.73832687023207,607.648],[6.798112650249666,46.73406056533594,685.212],[6.793511711619443,46.735741104877164,740.585],[6.787910512475655,46.72936285353754,763.476],[6.792979738424282,46.72555837898217,686.276],[6.801841881219819,46.726194149786416,715.952],[6.811281707580553,46.727898036812114,762.275],[6.817434604306134,46.733241967618916,710.938],[6.817484063820099,46.73328694597133,709.521]]],[[[7.040344175546143,46.97952312050509,429.284],[7.063044429497588,46.97110873295782,429.398],[7.057903852140039,46.96541021973076,432.09],[7.059613754239463,46.955814204581976,491.119],[7.056456321072962,46.95522445917665,486.958],[7.06138326514258,46.9439965154655,484.446],[7.057879491941577,46.938610171622535,438.988],[7.093409282828645,46.9057912162077,456.334],[7.086233543597978,46.90192013643772,450.523],[7.088840062379968,46.89971971626733,465.971],[7.087094474915592,46.89709702662237,450.215],[7.074381750240249,46.89529050836584,443.774],[7.079832934714458,46.8941231795157,453.97],[7.064256944724711,46.8871011898731,508.259],[7.061673220932925,46.87962083473233,514.268],[7.067291854528658,46.88094010282576,497.601],[7.070327130137168,46.87174209798491,478.56],[7.044403569632573,46.847956669022714,573.658],[7.037453040771881,46.84553590964665,612.936],[7.029119287785528,46.85086815617007,573.738],[7.039665373316793,46.860605004403475,588.41],[7.029894145089131,46.86617343458295,472.785],[7.035686240444747,46.87333865512624,451.91],[7.021286855305379,46.87668438828396,437.165],[7.016195377206432,46.88077755650831,433.473],[7.015288103328612,46.87681413545385,434.307],[7.008418345249929,46.873154583387084,435.477],[6.999333124025354,46.87432972739041,436.159],[6.993799331069059,46.8789666741792,436.68],[7.009505094769329,46.88903863397681,435.356],[6.981165172928542,46.909421085622874,502.644],[6.986651969855377,46.91961892584823,513.048],[6.964900904915974,46.924389232265476,433.947],[6.928196307678074,46.95339791830918,429.258],[7.002427430299338,46.98690914622224,429.25],[7.036616008441527,46.98024998857611,429.25],[7.040344175546143,46.97952312050509,429.284]]]]}},{"type":"Feature","properties":{"uuid":"{95F10F52-8B2F-4D6A-AF7E-D4F915E42F89}","datum_aenderung":"2020-11-19T00:00:00","datum_erstellung":"2012-10-26T00:00:00","erstellung_jahr":2012,"erstellung_monat":10,"grund_aenderung":"Verbessert","herkunft":"AV","herkunft_jahr":2020,"herkunft_monat":4,"revision_jahr":2022,"revision_monat":1,"revision_qualitaet":"2021_Aufbau","objektart":"Kanton","kantonsnummer":21,"see_flaeche":7147.0,"kantonsflaeche":281215.0,"name":"Ticino","icc":"CH","einwohnerzahl":350986},"geometry":{"type":"MultiPolygon","coordinates":[[[[9.089058758502551,46.21237221483511,1351.527],[9.119005420861422,46.20038092623422,1833.458],[9.135545630147316,46.18036901100739,2136.13],[9.159383089288397,46.16960275772912,2194.273],[9.158634957027393,46.16492741213283,2044.637],[9.134485172888361,46.15331079699496,2018.751],[9.121498850111472,46.134806562849704,2073.694],[9.112209272139506,46.13470572189105,2046.652],[9.09977705472943,46.12670932777382,2110.917],[9.072505387884073,46.118102106521356,2116.133],[9.089615399592176,46.08701588766102,1553.629],[9.079072529447764,46.07591615800327,1623.456],[9.078302183653003,46.06531730383724,1715.58],[9.060415454008194,46.06065959836459,1712.654],[9.050230352093228,46.0623640548665,1518.822],[9.017432475974395,46.0499839242964,1405.077],[9.016887736734466,46.04309779870091,1286.571],[9.009525089214803,46.037287815653535,1205.121],[9.00759383609437,46.02979903950077,1516.615],[9.022542961689673,46.01685616662815,281.292],[9.024510207223422,46.00076259619852,270.674],[9.028460874226615,45.99362610147308,852.81],[9.022891934813527,45.99275620911413,795.629],[9.018080087112493,45.987653424356395,1003.799],[9.011359568290654,45.987904829702686,978.012],[9.01115312131393,45.983175285841604,946.521],[9.007347756635491,45.980300331897965,971.264],[8.995292177276173,45.98048970815672,1133.909],[8.99582272658074,45.972834778594326,1085.311],[8.988259086081241,45.972309484375764,1107.161],[8.994025689045216,45.9665517195091,1270.756],[9.01396397707142,45.96054802571929,1013.211],[9.017124825476676,45.949009685280934,1061.042],[9.012199080007008,45.9437846751253,1389.768],[9.02246772035896,45.93714655863912,1603.689],[9.019357475123947,45.92836855555116,1610.951],[9.04271431017453,45.92750194297335,902.719],[9.04908132463202,45.92041986982922,722.049],[9.05989987176828,45.92093917447019,847.932],[9.05906241913718,45.91648424917566,1141.202],[9.068192811429812,45.912910100850425,1255.652],[9.067808641413247,45.910634391682095,1239.607],[9.076576064499083,45.911416840480854,1165.8],[9.07693158634127,45.899299415490944,988.09],[9.08684204431945,45.90220524919475,807.753],[9.08885785046772,45.896968605359675,920.394],[9.07795448116161,45.89202822402236,768.52],[9.077841152539817,45.88506702679171,730.564],[9.066386729883714,45.87539027499075,1250.194],[9.05478766560169,45.87355185842703,1004.605],[9.049158748460846,45.86261114222036,913.173],[9.051826327851808,45.85443284910922,890.404],[9.035766220488137,45.84113532505262,224.822],[9.03785866706747,45.83546654816355,230.315],[9.030931606590574,45.82468976627011,440.913],[9.03446178166522,45.82301714985082,473.649],[9.031570539084129,45.82089101299774,520.284],[9.022368478994109,45.821920643537645,563.101],[9.016491396782458,45.81796953985796,499.307],[8.993872759436417,45.82196199098225,274.596],[8.997487768112114,45.834944628917924,249.133],[8.989889030189879,45.835322853471475,264.889],[8.986669165321608,45.8385199901282,281.276],[8.96998379873039,45.832353930159215,462.021],[8.961460443922386,45.83637245087594,463.074],[8.962017296520234,45.83903036452005,441.85],[8.956241799432028,45.84338379994188,407.01],[8.939090198439022,45.84127349217723,359.152],[8.929034323503469,45.83337563123816,347.063],[8.920475949965827,45.83419663154263,419.277],[8.912146971873693,45.830445024067124,398.878],[8.914226063773944,45.84222897536706,388.497],[8.932536678917376,45.86096218132253,432.068],[8.94530161308879,45.866978861495426,458.327],[8.942059648842724,45.87034323011115,525.589],[8.937026781730463,45.86730611992762,477.491],[8.933774595992137,45.87033349898971,459.628],[8.931552997564427,45.88581437085686,749.535],[8.921535638848717,45.89577008747149,868.656],[8.924126417234447,45.905638132199755,543.309],[8.914286593158177,45.917801088930574,272.18],[8.907446135655588,45.91779067594046,270.577],[8.893315034479391,45.93118232254924,270.571],[8.898596416308182,45.94626026701544,270.577],[8.893658011976816,45.958981446999935,270.592],[8.878212845441011,45.95664185203169,270.705],[8.868298656751145,45.96061921826592,270.613],[8.831322927675295,45.988016001270395,260.602],[8.795773483610063,45.99206769087957,242.232],[8.785883417362525,45.98907666898923,231.997],[8.793089008333247,46.008101952055576,559.837],[8.805914367727128,46.02192927190108,832.568],[8.819677262421717,46.02548804584175,1047.125],[8.827148839493807,46.032273543792215,1421.289],[8.830031306879112,46.041604902236486,1559.019],[8.835465904501882,46.04379252896085,1412.57],[8.82848705344921,46.04653353614352,1221.661],[8.83453304226379,46.05136486468817,1392.027],[8.84418475275595,46.048505624955396,1586.9],[8.854589021913847,46.061584919820056,1455.883],[8.852110072276654,46.07563679109734,1659.154],[8.83376828259929,46.08285099457689,1188.509],[8.806039707548674,46.10127661691975,1552.964],[8.799780863939853,46.0946995095563,1548.227],[8.783034242754061,46.09417271128024,1228.439],[8.76001846142392,46.101568683792244,288.542],[8.742343278778975,46.12231128888391,193.816],[8.724266058717435,46.11020849293854,193.51],[8.713991544862187,46.09723173304404,193.895],[8.686262085370329,46.10206326324702,507.159],[8.67950344975122,46.11038029096622,966.814],[8.67027287478281,46.108832762244845,1305.202],[8.657708295431936,46.112689425171965,1963.806],[8.647578141939032,46.12348990712295,2187.753],[8.61183613247482,46.12165928547511,2063.458],[8.60970537343097,46.13287960633937,1471.529],[8.592726469632801,46.1428609633103,550.337],[8.603175682356245,46.15533224499509,518.648],[8.588114178248857,46.15656907622551,608.731],[8.587115131708263,46.16164862687803,718.739],[8.57364366750521,46.16431065498234,971.205],[8.569850039351227,46.176900171402714,1714.296],[8.563697138372037,46.183945424291345,1287.708],[8.554042688885747,46.18614402091683,1194.071],[8.553591747823745,46.192034036985305,1145.194],[8.540475239663534,46.197812945933215,965.827],[8.532443511092797,46.21828273068192,2191.928],[8.470240348019042,46.23232298929486,2490.866],[8.464106691383636,46.24455116989992,2465.87],[8.443381445986416,46.25024223978131,2554.393],[8.44227692374037,46.25415199383446,2474.425],[8.448266529408642,46.26121939562542,2392.962],[8.455880830276776,46.26375573028099,2367.101],[8.42773990675214,46.29830121278739,2793.184],[8.440533724778907,46.30411976171781,2748.735],[8.439120556056643,46.30805071280918,2565.151],[8.44372210001068,46.319494928026955,2592.268],[8.453846610843287,46.32126225910988,2448.298],[8.455656429752981,46.32725107863501,2652.411],[8.465424521289934,46.33391648168896,2435.619],[8.461562098466672,46.353257036183265,2786.708],[8.470235066239534,46.362552051700995,2620.464],[8.466813364477302,46.36831778673522,2578.121],[8.466513374081392,46.380056274620905,2894.893],[8.460837874102152,46.3866768444027,2798.561],[8.471172354087393,46.395923616260966,2957.568],[8.463053945675016,46.40486862654504,3061.72],[8.468316173232733,46.41174439527814,3265.486],[8.456870284060056,46.42317998027417,3088.424],[8.460760115082438,46.42839982898957,2816.024],[8.457533142173354,46.43476122317043,2711.864],[8.465945368107928,46.444366078634374,2913.414],[8.445719618309726,46.46371646545204,2495.003],[8.43160424963394,46.46344860779227,2582.158],[8.408417709443855,46.45873759117837,2767.563],[8.392958569247458,46.45157611342112,2967.667],[8.38508588154025,46.451910290803184,2880.887],[8.382328901538814,46.45991865137564,2541.334],[8.385745577225295,46.46181726001896,2615.742],[8.385459508641983,46.46557008507329,2841.276],[8.39246894668612,46.46796802102764,2846.621],[8.385991451461114,46.475676189757635,2501.098],[8.394724194048205,46.484999957714734,2777.849],[8.39173145293844,46.49349627989978,2922.273],[8.419680935261558,46.49261785684231,2839.445],[8.43166685303689,46.49697648662032,2903.072],[8.443071194654825,46.49538489245164,2875.708],[8.451704176285492,46.50780087274897,2997.895],[8.47797273782188,46.52494987523365,3114.845],[8.482636879828162,46.53239465421729,2861.398],[8.519474695164076,46.53891885704394,2962.631],[8.51357951658029,46.55923154158105,2764.254],[8.521007195281108,46.56691699683033,2686.072],[8.521185501015573,46.57724855112142,2589.887],[8.539208697499182,46.58678060367091,2659.658],[8.55092280274478,46.580690341705115,2200.417],[8.573703471407264,46.583712676903424,2613.365],[8.590539636138084,46.57340544517685,2779.997],[8.611257008983765,46.57499898401302,2920.048],[8.614963847625436,46.57815311282428,2999.313],[8.625347351236078,46.576938288629954,2875.305],[8.629554878441317,46.573736992310245,2876.283],[8.630884413885905,46.565801724242064,2702.416],[8.634657833995798,46.56437876179724,2776.622],[8.656065607729746,46.568419388036055,2710.238],[8.659956691691216,46.57365259268585,2764.038],[8.672636224836834,46.57849677006508,2750.133],[8.696924590106331,46.58107239484621,2889.271],[8.70380213086265,46.578111559721776,2896.917],[8.705298244334257,46.5737971004158,2798.315],[8.715376436262877,46.5712401049352,2759.42],[8.727943144293395,46.577091795691324,3019.042],[8.739206841157065,46.572161133330724,2766.586],[8.75074545733543,46.57621663172893,3015.711],[8.80074112049094,46.5632800280562,1917.148],[8.829675706852981,46.571367797333735,3187.16],[8.831749127176694,46.5639274041382,3035.253],[8.843234380480482,46.56335641726404,2828.95],[8.862947249009045,46.573048851767155,2893.523],[8.87695481102022,46.574669432715815,2678.878],[8.911245720644454,46.58870857523678,2819.438],[8.91708701106156,46.59660304460791,2649.396],[8.907204741415878,46.606206211375714,2903.307],[8.907296471343445,46.615709140734246,3153.035],[8.923022335934265,46.623037843507426,2990.311],[8.941459745487313,46.61849378185231,2751.178],[8.95037849320189,46.62396876602602,2852.261],[8.95278815011391,46.63248455535118,3096.615],[8.957830315710318,46.629875291471386,3120.91],[8.963003397897836,46.618144222517635,2604.481],[8.959696139888887,46.6107014374452,2361.635],[8.962208709704155,46.602640976660645,2730.986],[8.973096650709312,46.602661747845566,2785.124],[8.995354733278976,46.611730746281765,2270.973],[9.006246296991444,46.61094581544377,2527.857],[9.027196004054009,46.59941866999462,2897.545],[9.034099690266808,46.60002474337237,3149.559],[9.033536717719542,46.59409320616853,2928.548],[9.042813923807387,46.58879876814382,2961.119],[9.043891163817905,46.583375323042,2988.336],[9.03768976187598,46.58235990803134,2799.313],[9.035405198581463,46.575205869751194,2883.788],[9.029909175415277,46.571338077783885,3017.61],[9.019256386377066,46.547541252951355,2766.621],[9.022958876514368,46.53788222387108,3102.617],[9.021645667780593,46.53394151289613,3016.326],[9.016638878551934,46.53204497375748,3079.712],[9.023163872772377,46.519085534317334,3020.039],[9.02209559952503,46.5122642160337,3047.839],[9.028405089874655,46.50358928296174,3166.111],[9.037150828967926,46.49824493741603,3234.682],[9.040251336425666,46.48955900073073,3179.624],[9.046091110175505,46.487068839142744,3036.898],[9.046460166862426,46.48067430128682,3051.184],[9.060551928898366,46.47630196707164,3130.376],[9.073563811089327,46.48026675422551,3201.224],[9.085433880231196,46.475396774490804,3062.511],[9.085063335033402,46.47094913216157,3203.031],[9.095083798401198,46.46038537185994,2984.979],[9.092111783742583,46.448796041860284,3120.951],[9.08702100015779,46.443688784888174,3161.688],[9.089018388221666,46.43215053772319,3062.874],[9.103090542321938,46.41270482269116,2779.856],[9.089951169246023,46.40542299502569,2633.646],[9.096221966989898,46.399870561768644,2915.063],[9.087261129553546,46.388829224103006,2911.679],[9.095633541344801,46.37300438908483,2249.914],[9.092957108307901,46.37082673820159,2181.796],[9.092594073299292,46.35740199187315,2388.548],[9.088274204032643,46.34919604615777,2729.003],[9.069317107875598,46.343561373693625,2936.306],[9.06644636841535,46.33636116224777,2705.378],[9.069655165238244,46.33253355476694,2603.829],[9.064332863217475,46.32537016692571,2669.389],[9.073388404461232,46.31786657528493,2508.947],[9.074695411578094,46.31283212405266,2688.548],[9.053714377706294,46.293040884538925,2588.994],[9.063645705816713,46.27305391497337,2206.421],[9.07776796885672,46.260296270980646,2021.273],[9.076028688584964,46.237868015132726,382.531],[9.071145810385131,46.235746034523274,354.031],[9.074569106108218,46.23172203219297,273.667],[9.079611082743906,46.23327688269395,267.116],[9.087780182163657,46.213506625248854,1358.488],[9.089058758502551,46.21237221483511,1351.527]],[[8.968502900621667,45.96191696480971,286.421],[8.976934941454516,45.963749026003626,593.242],[8.979360725967426,45.971038350450165,481.027],[8.976328786185924,45.97586002035495,461.087],[8.977255061297447,45.983036916223405,271.773],[8.967077709772106,45.9841494159533,270.559],[8.959567087656675,45.96790582897431,270.577],[8.958543699739455,45.96481645766457,270.579],[8.968534589526806,45.962037500241046,286.479],[8.968502900621667,45.96191696480971,286.421]]]]}},{"type":"Feature","properties":{"uuid":"{05D55405-466B-4ECC-83C7-A906DEB0D607}","datum_aenderung":"2017-12-04T00:00:00","datum_erstellung":"2012-10-26T00:00:00","erstellung_jahr":2012,"erstellung_monat":10,"grund_aenderung":"Verbessert","herkunft":"swisstopo","herkunft_jahr":2018,"herkunft_monat":1,"revision_jahr":2022,"revision_monat":1,"revision_qualitaet":"2021_Aufbau","objektart":"Kanton","kantonsnummer":17,"see_flaeche":7720.0,"kantonsflaeche":202820.0,"name":"St. Gallen","icc":"CH","einwohnerzahl":514504},"geometry":{"type":"MultiPolygon","coordinates":[[[[8.975006828735584,47.3071192759581,835.055],[8.984951208009063,47.3193870560376,1234.341],[8.976684238198501,47.329288548296404,1185.681],[8.979287392153845,47.33794685793285,1125.451],[8.973108014841745,47.33986850179739,1087.879],[8.974422368668812,47.34738131591843,1147.794],[8.971805385593315,47.352525280188814,936.961],[8.959862518154335,47.35411859697474,749.46],[8.9512315507087,47.37171925134425,834.596],[8.943580583678807,47.375842546190995,992.114],[8.94476349101046,47.37801104980251,987.205],[8.954933496980392,47.38148238943798,857.774],[8.957450113877611,47.38643130544869,873.464],[8.965932518262195,47.38531976349287,988.204],[8.975668705036735,47.399237670692635,657.826],[8.972174874523327,47.40432219120129,638.826],[8.976576032069296,47.410673881092784,753.717],[8.988733969660311,47.411261370772124,774.194],[8.99116493972716,47.42089725062152,635.255],[8.994253366062368,47.422333411497696,744.946],[8.987478630018495,47.42970584149715,714.496],[8.999864781264257,47.43213646965022,738.648],[8.999183647415496,47.43509450272863,746.671],[9.01198416094333,47.43345885492054,643.69],[9.022159821501027,47.44167488517428,575.253],[9.026477379517402,47.43722646772112,603.292],[9.035019390110158,47.43924868216692,578.786],[9.036821674173288,47.437555398094,584.012],[9.034015897248365,47.43547753804144,607.956],[9.038322709161843,47.437122616067875,586.553],[9.038104518533142,47.44144905726234,601.092],[9.058963497221152,47.443179416992244,552.835],[9.057045146655224,47.445629338214594,552.648],[9.062562324707333,47.446240928457776,533.374],[9.050417792759411,47.452858779157516,557.357],[9.027358769938692,47.45766761288012,566.696],[9.026422642045349,47.460142140320905,580.137],[9.030736692790905,47.46178866520958,569.967],[9.029495863069622,47.46665782275751,561.327],[9.008223251676343,47.47236640312806,520.955],[9.011976775242356,47.47534431103278,516.561],[9.003591273934424,47.48119121966253,507.247],[9.010793300541394,47.48546300348176,521.318],[9.012488118264198,47.48997101857787,534.268],[9.028318727976105,47.48866932966372,548.898],[9.04209653858504,47.49578990231329,698.096],[9.055828391033119,47.4874102328785,664.06],[9.062657654748206,47.492463932057156,680.029],[9.082365757073976,47.49523609876501,765.986],[9.083605796304655,47.48903477124951,671.393],[9.08986939562478,47.482768301861995,619.643],[9.098558624661138,47.48560379829929,600.966],[9.112857830491164,47.484414692425226,632.835],[9.118467950332873,47.47972375294018,670.924],[9.125411004512534,47.484145097678045,619.765],[9.155399525297339,47.4876536439549,677.967],[9.162599933844138,47.49649828745088,651.22],[9.160728213056922,47.499982825264084,620.583],[9.169220649764128,47.50399548284102,590.904],[9.171968526355341,47.50332027776959,582.367],[9.169179332484765,47.498302494158274,603.188],[9.173720025804915,47.494511376103574,580.092],[9.181003830269246,47.49736882711575,585.426],[9.18286607651913,47.49134180105061,571.063],[9.188787524545559,47.49310430108451,578.115],[9.193073057589883,47.48893547167423,574.152],[9.209895651298599,47.48932345329479,516.454],[9.206379896271027,47.482474186754345,533.313],[9.213198891673159,47.478905501821856,482.835],[9.218294553263355,47.483808908695714,503.898],[9.224711142691545,47.48455432786182,508.41],[9.24460957357648,47.480280296607305,558.01],[9.251163113285967,47.47449195825296,557.747],[9.263541465849535,47.474665414634124,575.384],[9.27836828948351,47.479393420009295,584.854],[9.28118575617975,47.483068508303354,574.223],[9.298653629411573,47.47722888184469,592.554],[9.320971329887833,47.49082858414814,501.069],[9.31742330170233,47.50042371617816,496.908],[9.308133780570547,47.49822589243138,493.346],[9.308404361187227,47.50529066901366,531.024],[9.316615438981396,47.50959196217765,535.548],[9.303360735127205,47.51565809226618,522.693],[9.302585955715621,47.512339206891454,537.771],[9.291569084284033,47.50666037680867,541.488],[9.274520495711007,47.50680047274429,522.143],[9.268373842243744,47.510871296771825,509.126],[9.275394916201742,47.513151785848045,512.158],[9.280365138210074,47.51007700450052,523.671],[9.27948194172284,47.51397370784214,515.219],[9.284829057273567,47.518511407076076,517.051],[9.282295428578152,47.52068029469809,511.72],[9.302755476484434,47.52642847968753,513.747],[9.312763585213451,47.52212295436184,479.357],[9.31234116865609,47.52756191140306,474.958],[9.318491090043912,47.53170253332134,493.928],[9.328756661630127,47.52839220493954,484.697],[9.338300303340146,47.52887078087696,461.057],[9.339580997136403,47.531450753727775,452.848],[9.338991428959668,47.524852728113316,462.527],[9.34381969415088,47.51996809852509,464.027],[9.356361655462365,47.51964886483933,453.051],[9.354667011992898,47.51534496181582,452.245],[9.345775965719659,47.511844807653155,480.259],[9.348505734111944,47.51124895689938,484.629],[9.346170841335793,47.50801754616893,507.0],[9.33830829383574,47.50683284019916,508.441],[9.336923639256247,47.50127925474747,533.959],[9.341807107531405,47.503718335537584,513.413],[9.355911635366178,47.500867614423484,534.107],[9.356940226514197,47.50340850294405,512.506],[9.374047649468393,47.50038251802779,492.637],[9.374078348867053,47.49535626500264,518.917],[9.368443636720777,47.49207806704601,564.301],[9.372794526911116,47.490459875229476,565.31],[9.366529290429904,47.485456235237834,569.652],[9.380831719307217,47.48730551088096,557.822],[9.379608816215013,47.485471103039565,579.852],[9.396918805402365,47.474973212168074,576.628],[9.406505288173172,47.49405924211344,460.197],[9.413536130808556,47.497521991322415,412.86],[9.421280501301325,47.496171662187486,407.943],[9.425114932711525,47.50149869629887,398.844],[9.446966165832032,47.51131202566823,395.46],[9.506947519573172,47.54973948287719,395.46],[9.558720470705097,47.54189329354049,395.46],[9.561996791319205,47.496294928478314,395.077],[9.58187497287164,47.48306591825443,395.225],[9.595075041460376,47.463366986513165,395.36],[9.60304271450881,47.46207853389598,395.505],[9.60915073697693,47.47052091763845,395.731],[9.622381537281907,47.45745595539872,395.974],[9.658980101519157,47.45220070606199,399.751],[9.657990853618731,47.44778719258507,399.389],[9.645905890531374,47.43887798610044,400.575],[9.64446229478526,47.43372659602618,401.143],[9.65030011385229,47.42107553741619,402.611],[9.651621400408173,47.40462397625701,404.462],[9.67408664182934,47.39014691783752,405.84],[9.673144809533811,47.381063642960896,408.018],[9.66241314168981,47.37107869157662,408.784],[9.624463606357619,47.36614277430747,409.613],[9.600793908825679,47.3469851184983,412.874],[9.588150468598975,47.31740186393847,416.829],[9.556429128112983,47.298351350251274,421.691],[9.546160737015434,47.280013977367055,424.857],[9.531014787079855,47.271094605771275,427.273],[9.530120036487123,47.26249000649268,428.476],[9.52045918545357,47.24396036844298,431.702],[9.503510185062167,47.22350524417289,435.705],[9.499609766570593,47.21127860562177,437.899],[9.489762649716129,47.19649226732278,441.357],[9.485849105202906,47.18144086200497,444.345],[9.490670271479487,47.16449600598875,448.495],[9.508592418672844,47.139852462308944,454.119],[9.519589387342249,47.09833513002603,463.37],[9.513538064234465,47.08563409513122,466.765],[9.4740977914005,47.06638732985135,475.193],[9.471786100906321,47.06151445897063,476.727],[9.477254312621417,47.0490529841566,481.221],[9.506070837117171,47.01868696279377,492.557],[9.511170503521488,47.008497673901566,496.569],[9.545582686145273,46.976567371209086,508.864],[9.518950271269185,46.97035375543043,1413.481],[9.518485348399327,46.955860388350395,1355.085],[9.504606721614664,46.953667162732046,1813.705],[9.496109300931355,46.940336063934296,1801.395],[9.486533103564947,46.93552212956719,1717.863],[9.485727793541283,46.93037760120491,1773.178],[9.480441260695427,46.92597635925712,1831.866],[9.47858362165863,46.915679349182646,1647.402],[9.488002472999904,46.91229046778791,2270.196],[9.467258722504122,46.8998854065446,2805.667],[9.469746166994273,46.89147013010181,2634.413],[9.46777616130568,46.88726680654804,2410.454],[9.45426459221712,46.88605256667538,2606.671],[9.455792705122716,46.88025318727275,2641.479],[9.44887304086294,46.87288387713196,2364.758],[9.433101052149876,46.88466259070148,1320.79],[9.413533086234308,46.89125326510288,1300.751],[9.381704488587296,46.897630669911024,2824.727],[9.343140172081062,46.8982829136345,3247.58],[9.338677475974418,46.90202667619566,3153.741],[9.32190664306466,46.9005957950539,3008.837],[9.309938697510514,46.90576253221505,2893.394],[9.276902542429859,46.90734572368592,2500.961],[9.2672393056073,46.90314502636154,2997.518],[9.24889846965322,46.916268593575744,3002.761],[9.252586031412587,46.9270285261313,2935.792],[9.250263347872153,46.93462664984827,2518.679],[9.239137449532931,46.93938330645722,2445.467],[9.236290480650137,46.94549179610973,2231.214],[9.236758674130122,46.9545639717085,2535.659],[9.246072729716209,46.958744836914036,2585.542],[9.242744490760595,46.96578603927183,2304.495],[9.246806770846137,46.97563857220792,2230.548],[9.243637499450363,46.982375196091944,2275.61],[9.249731550659739,46.997820854394554,2429.663],[9.236357829296063,47.02398109420712,2501.04],[9.221944757319081,47.03258158528309,2450.419],[9.208295522695007,47.03575791433006,2241.318],[9.180527358307728,47.02592028498727,2468.988],[9.175215494290985,47.028805576088786,2488.1],[9.165673320376483,47.02687832086891,2296.37],[9.138068567748725,47.03913245699949,2292.735],[9.153362825816059,47.047269558447276,2138.212],[9.174536204566396,47.05292299556697,2242.526],[9.183754773547319,47.0596244701996,2002.119],[9.190299552065618,47.069889109696085,1520.693],[9.19203268262856,47.07351767689279,1387.081],[9.188788964479745,47.08547606927595,1745.801],[9.19123183517995,47.09095794587473,1560.977],[9.18625204851201,47.09991658767394,891.563],[9.190020907797946,47.109917620049536,530.822],[9.189879213867615,47.1236972843247,419.69],[9.135923530756498,47.13197790789428,419.69],[9.10132826350717,47.13325164842959,419.69],[9.068129760506958,47.129967673008544,418.708],[8.995508176861085,47.17888059044457,410.762],[8.980112015703154,47.18332483391426,410.505],[8.97036935747345,47.17880466233896,409.352],[8.96198553919089,47.17946017769338,410.018],[8.957491499444428,47.19943996070284,408.461],[8.965339403296085,47.19815993143036,407.883],[8.96922182264304,47.21182778996315,407.886],[8.974302870399404,47.21280105078568,407.276],[8.970423231971154,47.21691411172123,406.834],[8.936732447339617,47.21794153113706,405.83],[8.834915475434341,47.20860521312848,405.83],[8.811245120199143,47.21777647991048,405.83],[8.795722233165849,47.239117729865704,406.497],[8.802513845172921,47.2466709464459,512.637],[8.821572814277902,47.250763709894734,513.599],[8.841866988458145,47.24691284462127,464.602],[8.85172122868072,47.25111672699476,455.758],[8.85524065701064,47.24438399259329,443.87],[8.860711724696161,47.24326253763998,457.246],[8.873767068409633,47.24766244673937,473.842],[8.873498003718382,47.251989348113476,509.896],[8.933106900434755,47.25888546356497,601.904],[8.94446496406295,47.26949556687956,770.305],[8.940906749184963,47.27166510014616,691.012],[8.94714599773778,47.274943466369905,787.387],[8.948829135144587,47.28094078633155,935.045],[8.941444153795683,47.27986592290783,994.95],[8.940577873422829,47.28436320457812,919.673],[8.933723547008785,47.288305820783535,739.009],[8.948909873114232,47.29216993975676,864.259],[8.957600525378139,47.30476372406043,1088.105],[8.974964172790543,47.30702461111383,836.091],[8.975006828735584,47.3071192759581,835.055]],[[9.47843126377731,47.49031814818747,395.46],[9.483546499069563,47.493765614281294,395.46],[9.457563406560531,47.50725050809678,395.46],[9.448475664836412,47.50073359852484,398.379],[9.449432084190152,47.49219518989745,407.014],[9.465735080460716,47.48801131394628,405.121],[9.464384265427402,47.484143320233656,403.991],[9.476266772267785,47.48934015315913,395.391],[9.47843126377731,47.49031814818747,395.46]],[[9.617833725104978,47.437673107772426,651.954],[9.63096748256717,47.44224106802129,604.676],[9.604669787713812,47.45237799699503,626.84],[9.596000345239114,47.45866353842489,528.975],[9.589266603659297,47.45740490178558,550.598],[9.580561416753998,47.46254184878394,452.018],[9.557205151701197,47.464855775258755,455.648],[9.54655482392618,47.462895356968545,555.26],[9.547202444292967,47.46699503297773,560.053],[9.542401205246362,47.46903736459542,611.225],[9.532489137287282,47.467837384987405,661.289],[9.525640754444655,47.461367932898526,768.291],[9.530520455412637,47.45345241914121,652.467],[9.508393553672793,47.44922323409917,788.117],[9.495101147892147,47.44229853279471,860.121],[9.46970736573377,47.43867396712646,753.795],[9.452635920593544,47.431100387497885,616.025],[9.435009510839182,47.434290422726875,566.485],[9.432522080260512,47.42951241918561,633.977],[9.43503748945408,47.42083356752508,809.346],[9.429977194733594,47.417834489333124,888.887],[9.432972114225818,47.41397021159913,980.018],[9.42853243900658,47.41259537517344,978.5],[9.429889191039274,47.40961380351837,1072.33],[9.403756394189383,47.401200751692166,997.583],[9.392712222920014,47.40102002124904,919.165],[9.387793813437721,47.40534343030405,843.206],[9.371679078543764,47.407709906871986,738.925],[9.358574406020722,47.40204133543338,690.93],[9.335836557706573,47.399104320723076,596.314],[9.327758854854672,47.40125668892737,588.602],[9.302954994980587,47.395218691874355,714.494],[9.271878540467279,47.40102965302751,780.309],[9.257550198481196,47.39873365776737,676.107],[9.251899676599535,47.40071409211744,664.128],[9.236163790554654,47.39615462437028,636.523],[9.232582239177066,47.39801984403685,618.52],[9.230497588436396,47.39701561988114,620.527],[9.231834167353243,47.38777349730759,651.905],[9.21877059128877,47.38483012084183,688.742],[9.22100361129281,47.373248212593346,729.446],[9.213227185018955,47.368233246136136,950.292],[9.213040764224049,47.365120295339885,958.911],[9.199129518883717,47.36144117923932,911.542],[9.191098556157097,47.36254454802424,792.333],[9.195626986050117,47.35346325159539,879.164],[9.20472876603635,47.3576063888217,1009.791],[9.207474073188822,47.3561044571847,876.911],[9.198646538167585,47.34777927806876,1031.514],[9.206291609381253,47.33913053953954,866.354],[9.222327787875843,47.34333832740139,1000.372],[9.233330449086163,47.33214398088185,849.236],[9.209834599979498,47.32089874622,786.852],[9.213014300043737,47.319699586231316,824.712],[9.217760320221013,47.3080097843322,1073.432],[9.217054288389587,47.2996926090656,897.796],[9.224323124910377,47.292874112820705,971.765],[9.206261102395949,47.27639394149263,859.413],[9.238795473703357,47.264644236609,967.947],[9.247500707875636,47.266077813746314,1009.091],[9.257329226603902,47.26322404263037,1040.872],[9.27377666446028,47.2700083800953,1408.357],[9.279099878633623,47.266672898618054,1177.475],[9.275106744968786,47.265742443113574,1520.111],[9.284096663089262,47.26565492132178,1339.492],[9.297175410070057,47.257412291903755,1234.85],[9.30797993070627,47.2596077389717,1219.704],[9.307854509380116,47.25530055086817,1277.081],[9.318641168344653,47.24787619619885,1845.561],[9.343273003283445,47.249395775196646,2502.09],[9.351002578404122,47.24436138548677,2323.149],[9.364887865328177,47.24331024973829,2141.824],[9.382015334918712,47.23399367170283,2105.766],[9.402441631822878,47.23768683487636,2104.965],[9.41480608878694,47.2465311592562,2006.451],[9.437801217234192,47.25072581966362,1923.704],[9.47294596830117,47.271210898749196,1659.592],[9.4877646713156,47.28828762681457,1734.504],[9.488870063245786,47.301797753079065,1205.496],[9.496263324022234,47.3060113629611,1285.712],[9.492515335633875,47.31290173596513,1194.97],[9.498141249729406,47.3182096420718,1104.445],[9.502167435639848,47.32970902796279,830.464],[9.503127314370536,47.35086172375336,843.482],[9.499004420901121,47.36933084447888,953.049],[9.505406521443906,47.37445623336174,1009.762],[9.503034675052088,47.374988697053105,993.807],[9.502614244466761,47.38403048169951,831.919],[9.50907355408352,47.394588711984454,1017.102],[9.542577788170384,47.40026511568969,869.148],[9.545358013827219,47.398455917250224,799.836],[9.543180145732022,47.3950049883604,702.962],[9.551627790306078,47.39342054796725,572.098],[9.583514165652073,47.409849314395146,684.072],[9.604575625052652,47.41401130640356,633.451],[9.589692455609386,47.42088929450683,579.827],[9.588252520391372,47.42542457052046,643.64],[9.617961242373568,47.43733867122559,626.719],[9.617833725104978,47.437673107772426,651.954]]],[[[9.353863808714266,47.51180998480519,462.33],[9.35853712220618,47.508555663734796,478.21],[9.353938204164262,47.51175200390708,462.444],[9.353863808714266,47.51180998480519,462.33]]]]}},{"type":"Feature","properties":{"uuid":"{FB7105B8-6D7C-4787-846E-17B2BC145C6E}","datum_aenderung":"2018-11-22T00:00:00","datum_erstellung":"2012-10-26T00:00:00","erstellung_jahr":2012,"erstellung_monat":10,"grund_aenderung":"Verbessert","herkunft":"AV","herkunft_jahr":2019,"herkunft_monat":1,"revision_jahr":2022,"revision_monat":1,"revision_qualitaet":"2021_Aufbau","objektart":"Kanton","kantonsnummer":1,"see_flaeche":6811.0,"kantonsflaeche":172894.0,"name":"Z\u00fcrich","icc":"CH","einwohnerzahl":1553423},"geometry":{"type":"MultiPolygon","coordinates":[[[[8.804022623188965,47.608127348246704,488.535],[8.802829013133364,47.601138961313694,516.986],[8.788793249018006,47.603437620962566,491.568],[8.789809619338978,47.609406303711815,473.027],[8.762192340778157,47.618085805085855,476.548],[8.756325085522988,47.61662286031752,465.773],[8.748131553161912,47.62304181094837,463.524],[8.745818632926666,47.61294633039192,469.64],[8.740175652440577,47.611897013919325,431.04],[8.739401161680526,47.608092893292216,443.727],[8.74878835984502,47.6000413760507,421.505],[8.745670020785887,47.596487779001535,385.688],[8.74823243932961,47.59230807717926,368.813],[8.765281820549513,47.59255555651917,370.997],[8.806051290594066,47.58314679459789,376.512],[8.801073346857528,47.58053806810155,375.806],[8.806212994817539,47.57950402958772,376.488],[8.80475069045911,47.57505942398681,375.371],[8.80810280004173,47.574327491808496,375.814],[8.80741886285254,47.57157397165984,376.158],[8.830025272491268,47.571100123245735,379.509],[8.831235200526491,47.57339548345861,379.348],[8.838816098550785,47.571194008329336,379.584],[8.839199302103383,47.56534972369415,380.655],[8.85097783633127,47.56360760717529,388.342],[8.851098320590868,47.56080373360006,411.773],[8.82789675644709,47.555980421955994,408.549],[8.834417712898516,47.54290750934227,431.019],[8.839945249341092,47.53933173261062,467.95],[8.840773902392286,47.53270813998448,545.53],[8.880407978070407,47.52702742693025,536.309],[8.883456039125274,47.52941509248629,527.96],[8.89834384053155,47.5241715645585,537.938],[8.895310384274621,47.519247715386136,531.613],[8.897112323598147,47.50500808587118,507.602],[8.892589258012658,47.49751560652923,514.155],[8.892815604705069,47.488414495656926,563.658],[8.897705094419157,47.48510969489459,547.818],[8.88530499335219,47.481707941798746,581.87],[8.884880875359004,47.477015252319624,561.49],[8.880993645262253,47.47475294752792,581.559],[8.884724030593404,47.47346895583614,582.747],[8.884315433990583,47.46967176783748,602.05],[8.89073474188251,47.469302698655625,599.285],[8.89544731834993,47.45972616001595,605.932],[8.908815398558984,47.44833759625451,810.365],[8.902662369612884,47.44424095480627,814.803],[8.906825813533365,47.43878825618587,805.548],[8.933098053891948,47.43422795949263,760.356],[8.930042890977466,47.431587715166636,716.675],[8.911321581276596,47.43376936881812,835.196],[8.90775469895888,47.43133073042766,829.081],[8.914623075557454,47.42772522005262,834.637],[8.911161153089875,47.42357171354651,802.891],[8.913938467408745,47.41827374067989,823.378],[8.903475874930523,47.402054955899956,652.569],[8.920822178067581,47.399464201196245,686.402],[8.943198152593402,47.38596310486556,769.83],[8.941134586694687,47.3781194814062,858.979],[8.9512315507087,47.37171925134425,834.596],[8.960259734518944,47.35369467768775,743.962],[8.971805385593315,47.352525280188814,936.961],[8.974422368668812,47.34738131591843,1147.794],[8.973108014841745,47.33986850179739,1087.879],[8.979287392153845,47.33794685793285,1125.451],[8.976684238198501,47.329288548296404,1185.681],[8.984951208009063,47.3193870560376,1234.341],[8.974964172790543,47.30702461111383,836.091],[8.957600525378139,47.30476372406043,1088.105],[8.948909873114232,47.29216993975676,864.259],[8.933723547008785,47.288305820783535,739.009],[8.940577873422829,47.28436320457812,919.673],[8.941444153795683,47.27986592290783,994.95],[8.948829135144587,47.28094078633155,935.045],[8.94714599773778,47.274943466369905,787.387],[8.940906749184963,47.27166510014616,691.012],[8.94446496406295,47.26949556687956,770.305],[8.937073969147088,47.26123003207304,595.035],[8.909188937398305,47.254466950765405,605.947],[8.90830302405065,47.2567440082136,669.539],[8.873498003718382,47.251989348113476,509.896],[8.873767068409633,47.24766244673937,473.842],[8.860711724696161,47.24326253763998,457.246],[8.85524065701064,47.24438399259329,443.87],[8.85172122868072,47.25111672699476,455.758],[8.844726972991669,47.24697399764658,463.238],[8.826823187210843,47.251510583448365,499.038],[8.802513845172921,47.2466709464459,512.637],[8.795722233165849,47.239117729865704,406.497],[8.808608785276737,47.220087908412104,405.83],[8.793380840455296,47.222562855055145,405.83],[8.740535640015981,47.2115782641589,405.83],[8.710099002649509,47.200421211945944,500.756],[8.704052965347334,47.20230060266752,444.682],[8.702562880621983,47.19810055249081,497.247],[8.694193106154433,47.19635741340864,560.614],[8.681074422221053,47.18407064802793,658.83],[8.682408605581088,47.17432012106583,813.74],[8.691358888300341,47.16901744591702,1029.708],[8.692205481757746,47.16339887251924,1185.885],[8.674989146398259,47.159443426654285,1221.744],[8.661394115170618,47.16075867684287,1101.352],[8.66074124098747,47.170308873035566,676.831],[8.641682559386982,47.16892798501957,649.239],[8.624520678571622,47.17287120193042,623.113],[8.62812495052281,47.17951124782571,610.813],[8.612949085050808,47.20186186725876,573.663],[8.606052290767344,47.20524064592106,568.008],[8.598590708090628,47.20157925955703,562.076],[8.594502615195685,47.21191319077409,549.363],[8.582362816138371,47.2108390500387,539.921],[8.582794450844318,47.21789471783761,532.583],[8.539340795399434,47.2230800759678,601.087],[8.536372819692042,47.22059950411714,556.702],[8.532509839496651,47.22211302642586,564.44],[8.531090138239161,47.21756154091536,504.025],[8.512574542901056,47.21941365599708,576.391],[8.512342896325215,47.21551779901343,539.587],[8.503324362381047,47.21223885809825,532.253],[8.473307213062292,47.20852404881897,453.561],[8.47010106561532,47.21340315243884,438.708],[8.461413609633597,47.2136298153777,452.615],[8.441132211362435,47.22521403535306,407.966],[8.421695174457097,47.22331956709771,389.129],[8.418532335770625,47.22617555796788,388.59],[8.414206308361123,47.23915383057304,386.383],[8.416497267273538,47.2413211597352,386.758],[8.402764212003806,47.25493693748311,384.857],[8.402239856200099,47.272252851593024,382.928],[8.395006086090895,47.27808802215303,382.077],[8.388646484382722,47.29002718907961,380.876],[8.397229669449084,47.28790334205664,404.949],[8.429137429349534,47.30067689333835,540.425],[8.432054046025108,47.311544247220084,614.587],[8.44579584037434,47.319993336124334,630.223],[8.455111023018297,47.33408340287631,629.557],[8.434775897269144,47.32532129557312,597.048],[8.413207744227305,47.32639752951907,600.087],[8.416629523482364,47.336881284323404,547.902],[8.403872304080586,47.34656660531424,643.246],[8.40928315457705,47.35507167435599,633.098],[8.40493975800586,47.36409924314039,615.548],[8.40785132620195,47.369763643785845,588.038],[8.4003707887361,47.3705140397838,520.158],[8.400775086665279,47.374201368667386,437.792],[8.396391764363411,47.377042596143475,431.515],[8.394031933913634,47.39116155011666,408.952],[8.396567420259181,47.39386300316174,404.313],[8.383150925931453,47.39458173200645,517.577],[8.379349235236749,47.399908905910245,500.247],[8.366387595680672,47.398823297186574,631.151],[8.362756828831795,47.401612469556,641.681],[8.382006528937588,47.40351869249617,444.556],[8.384623293279587,47.40621629114975,408.871],[8.38115752523747,47.41030754695867,401.73],[8.385382438530062,47.41448257324405,389.633],[8.381761156937007,47.4162651479,392.492],[8.387550746355737,47.41635930865725,388.275],[8.392263653305273,47.42168678186325,382.452],[8.387633205077616,47.42795882128341,380.224],[8.375080877716945,47.43066568105857,380.146],[8.385039219602017,47.43594249205613,507.348],[8.381019167938302,47.446373227021205,426.747],[8.386906141693949,47.44959871490101,414.911],[8.382914794904977,47.456243482377275,427.466],[8.372844823464753,47.459179690123385,441.561],[8.369451320256037,47.46533503856522,478.081],[8.365686368147859,47.46621453196742,522.962],[8.366367019234962,47.46958928364006,530.065],[8.37529390033758,47.471643749369626,576.311],[8.373266694074887,47.4814692325132,853.274],[8.363275878746382,47.48085626074212,858.902],[8.362658106114406,47.490608470119405,606.395],[8.358283107832788,47.49748106696666,520.598],[8.363104918414143,47.50114318767572,512.895],[8.35769345930351,47.5025252156119,507.301],[8.361234349399568,47.510101549522055,437.356],[8.377057686474991,47.512391406521395,518.209],[8.383534559885673,47.52768549543428,555.723],[8.393325777150835,47.52571936625963,539.94],[8.395090638760369,47.53175987311405,516.149],[8.40443042599506,47.534315153734426,591.82],[8.401019816770429,47.54002977494542,541.637],[8.404220850149521,47.53821226770274,519.902],[8.41113454304588,47.546099396890405,441.788],[8.41740684063155,47.54588578317468,550.96],[8.414451300423151,47.55389194762699,468.59],[8.418751395630402,47.56516242285033,367.345],[8.46489764048965,47.57234113337854,332.313],[8.494748489067119,47.58103294001834,343.333],[8.488706950663305,47.58782894660274,356.475],[8.466868789570453,47.58424811250009,372.48],[8.464820608272541,47.58800825196436,384.249],[8.46053922993044,47.588377116159464,383.03],[8.456692942962107,47.602315379892595,580.742],[8.46854625855231,47.6038595428662,587.259],[8.47031817030691,47.60855279496551,535.747],[8.475288499397495,47.607935356356435,522.387],[8.479209421632028,47.61520885877102,456.779],[8.508346523845736,47.61751922127248,475.386],[8.507442076643436,47.62381911266441,495.426],[8.515140169350893,47.62338451737565,509.84],[8.512849103747095,47.62559439775028,509.206],[8.517272402502222,47.63424879415153,560.643],[8.538951631870578,47.6309624835167,487.465],[8.538697982364962,47.62629104803964,549.077],[8.557899326835976,47.624454084783494,481.581],[8.562933923464758,47.61670040289898,510.697],[8.569338290762275,47.61720031780362,463.509],[8.571231383867504,47.6124839351563,459.855],[8.57440475550588,47.612290655779645,459.724],[8.56639328259236,47.60985839452205,511.232],[8.563081629591585,47.59944780496014,421.633],[8.535351566690188,47.58711703011728,413.242],[8.537007130675386,47.58343192902954,442.555],[8.533563602531748,47.58215761890209,446.477],[8.540144003573165,47.57820778623779,471.807],[8.534979800885328,47.57528050741865,455.182],[8.54639274732562,47.574164923446986,494.393],[8.546220646597492,47.57131038235066,409.986],[8.541598423075637,47.56992711229335,343.375],[8.54847511255584,47.564160771132165,343.485],[8.551444599455758,47.55550217895781,343.346],[8.558941993333585,47.55301555189246,343.289],[8.567525674879612,47.56255702910676,343.384],[8.571874650329287,47.5742132908893,343.521],[8.58004948158773,47.57700134613412,343.521],[8.578448744366899,47.58948647434542,343.988],[8.5942664964692,47.59644003902874,344.637],[8.595727904980112,47.60561100136467,345.057],[8.604765483826508,47.61289491775166,345.697],[8.597104332541472,47.63005452456576,346.542],[8.595884402919568,47.64308425637339,350.011],[8.607705133234585,47.652416953700296,352.331],[8.61282801324745,47.64943707337585,352.536],[8.614070509098767,47.64470526719376,352.436],[8.60338506376248,47.63883366267152,358.345],[8.615559027008898,47.63770745606099,358.773],[8.623350214313325,47.6409197059812,359.214],[8.628706498663009,47.64905521856258,358.969],[8.62767801907283,47.65377444380528,358.916],[8.608804229128312,47.663417798903104,411.863],[8.606142095652757,47.669130699414836,407.99],[8.613601592452941,47.678537461523014,358.76],[8.619325223233089,47.675052547848054,381.43],[8.62633686730951,47.677822604849574,381.753],[8.625119412693687,47.69166965505284,383.077],[8.643266292149942,47.69435125819148,391.336],[8.660224818005846,47.68605039692713,390.667],[8.669433500563185,47.684850149671696,390.806],[8.667987796426978,47.67713723342478,547.424],[8.676881665860853,47.67177383446808,543.901],[8.67769857600092,47.662578865305704,561.909],[8.684616951691474,47.653395492385854,515.833],[8.708729199673542,47.64190362572498,477.404],[8.714193397788598,47.644380333709876,470.414],[8.719798248919975,47.641087728307795,466.727],[8.743469427600981,47.643029448688225,449.574],[8.743372829154934,47.63976832205231,450.124],[8.747209001190077,47.63864416651681,447.101],[8.764852037892933,47.64881727269857,429.303],[8.776194164179527,47.64884496076082,417.791],[8.782281235297077,47.65236138294899,420.905],[8.786019955516018,47.655204931729756,419.357],[8.788544173907583,47.66536135218461,438.034],[8.805263842378148,47.66472425609644,440.774],[8.80486521714569,47.65223232676522,620.681],[8.82456668842547,47.647821056557845,589.969],[8.827801445606495,47.64078128873853,572.932],[8.820239979491928,47.62929654881832,530.387],[8.813149148482019,47.62743847992772,466.214],[8.811712087532488,47.62264537624911,463.497],[8.814305073128663,47.62108135703692,442.167],[8.811556395608717,47.61897270980268,437.954],[8.81400518183407,47.617213990966825,434.723],[8.805050897813288,47.61373096950308,461.844],[8.803805984249331,47.608326615179195,483.238],[8.804022623188965,47.608127348246704,488.535]],[[8.438234145864106,47.407563269767145,388.822],[8.440371783019012,47.40852366138753,389.286],[8.43799941205668,47.40750961203147,388.959],[8.438234145864106,47.407563269767145,388.822]]]]}},{"type":"Feature","properties":{"uuid":"{B01E1FB4-9A9B-48AC-BCA3-7D6D93BA23F3}","datum_aenderung":"2021-11-02T00:00:00","datum_erstellung":"2012-10-26T00:00:00","erstellung_jahr":2012,"erstellung_monat":10,"grund_aenderung":"Verbessert","herkunft":"AV","herkunft_jahr":2021,"herkunft_monat":4,"revision_jahr":2022,"revision_monat":1,"revision_qualitaet":"2021_Aufbau","objektart":"Kanton","kantonsnummer":10,"see_flaeche":7818.0,"kantonsflaeche":167243.0,"name":"Fribourg","icc":"CH","einwohnerzahl":325547},"geometry":{"type":"MultiPolygon","coordinates":[[[[6.893413537714228,46.559228070971905,799.676],[6.902273892352969,46.56139026121601,806.732],[6.898843530791022,46.56499661087557,821.839],[6.901645891003791,46.56972669025607,839.841],[6.888163220950343,46.567700602476826,842.303],[6.884499685902917,46.56195343716423,849.99],[6.879428916776727,46.56713115267592,859.313],[6.874457362205246,46.564970911104865,847.961],[6.865534338621225,46.57725063534723,841.467],[6.846699569018349,46.583911527824824,712.313],[6.834845758749137,46.57533721476763,658.65],[6.823710097748855,46.577478239245906,627.958],[6.82059354566583,46.58368341707782,614.205],[6.814102497934329,46.585668891416454,588.827],[6.81152360483234,46.58099026354244,592.739],[6.813219685216909,46.57822974143463,593.846],[6.794902137444683,46.57531861130669,698.594],[6.801232753520376,46.59250410351975,653.205],[6.79832948075768,46.599867439088754,718.702],[6.802384930432994,46.601424583282444,730.003],[6.803890632542549,46.60903380221469,743.652],[6.802279642968393,46.62775054799796,674.441],[6.796917694584584,46.63314501138064,717.681],[6.803794404895931,46.64451459627591,534.384],[6.798940335519672,46.64917644165481,547.656],[6.810809138229425,46.65038759679445,634.318],[6.818504227658902,46.64780217121816,690.038],[6.827408582296948,46.65982265560999,715.25],[6.833384631651754,46.66223078342429,770.64],[6.844114475609139,46.66084423416863,830.952],[6.842165929126931,46.65883914264458,830.212],[6.853520748048244,46.65546226970065,830.171],[6.85938543060071,46.65995219998855,843.71],[6.867348102203475,46.66010025741512,821.646],[6.868334065936747,46.66296916639181,815.706],[6.864394360876282,46.66476352932072,826.181],[6.871708470869593,46.673253174129215,814.038],[6.864120092506767,46.67677123745261,708.16],[6.862687522763737,46.680948812904994,718.305],[6.868402591166066,46.68572859110505,758.265],[6.873121118711549,46.68332456317088,806.349],[6.889594091115567,46.69388434100703,798.676],[6.894421662688957,46.70555567961786,774.925],[6.904514834514331,46.714163196062046,797.156],[6.917730014547566,46.718712254578776,786.429],[6.935590534587808,46.733223485554184,764.796],[6.940612012871241,46.74371201173826,737.018],[6.937963161800186,46.74947223942489,717.098],[6.930876047851002,46.754046348389835,626.242],[6.920017665884107,46.7513043010017,554.777],[6.916679939798671,46.75461584383253,529.14],[6.910548208383716,46.75326304851198,587.114],[6.909193963676809,46.75876236511411,582.946],[6.914431209410639,46.7627275504203,587.607],[6.920110759323234,46.759859581954906,597.461],[6.935310573119152,46.7715395084783,631.033],[6.931245006251524,46.772509908245055,597.833],[6.931541813247343,46.77540488434744,577.057],[6.938109212760811,46.78124373869684,563.7],[6.945704234875724,46.784540841806844,532.359],[6.950117778657884,46.78277789361027,573.898],[6.957089606843525,46.78759337650588,590.091],[6.958631480789321,46.79030646834993,592.661],[6.955993949789316,46.79342452709057,582.268],[6.966662745259946,46.80270378025312,631.461],[6.956508549158743,46.81493582913504,468.64],[6.965144689533681,46.82824081378341,454.313],[6.971013344377656,46.82405481783231,463.335],[6.984752621783289,46.82193323007544,483.056],[6.99237106877985,46.830398897660835,514.231],[6.983074770957572,46.839825230591444,488.398],[6.988660340575522,46.84358066984336,494.684],[6.97757506510513,46.84987040569553,442.471],[6.980583969074234,46.85801763327639,439.443],[6.97694422833625,46.86052735446552,438.298],[6.979226490784553,46.86576756087073,438.217],[6.988895371726261,46.873460030551804,437.372],[6.980625106696846,46.881822046170164,437.077],[6.973753910306813,46.88731586102558,478.346],[6.95818297460999,46.88153614639637,469.711],[6.969437477797828,46.86734005629986,439.41],[6.96488349729591,46.86539180931728,439.979],[6.960229930856892,46.87144343472943,439.247],[6.951087234852116,46.87481176007161,458.825],[6.951689263708587,46.87763721009074,446.265],[6.938365656033199,46.889968245365296,484.996],[6.924438317791027,46.89342028076191,446.701],[6.930320462416603,46.89952686615622,436.238],[6.896230270678378,46.92548617984695,429.25],[6.928196307678074,46.95339791830918,429.258],[6.964900904915974,46.924389232265476,433.947],[6.986651969855377,46.91961892584823,513.048],[6.981165172928542,46.909421085622874,502.644],[7.009505094769329,46.88903863397681,435.356],[6.993799331069059,46.8789666741792,436.68],[6.999333124025354,46.87432972739041,436.159],[7.008418345249929,46.873154583387084,435.477],[7.015288103328612,46.87681413545385,434.307],[7.016195377206432,46.88077755650831,433.473],[7.021286855305379,46.87668438828396,437.165],[7.035686240444747,46.87333865512624,451.91],[7.029894145089131,46.86617343458295,472.785],[7.039665373316793,46.860605004403475,588.41],[7.029119287785528,46.85086815617007,573.738],[7.037453040771881,46.84553590964665,612.936],[7.044403569632573,46.847956669022714,573.658],[7.070327130137168,46.87174209798491,478.56],[7.067291854528658,46.88094010282576,497.601],[7.061673220932925,46.87962083473233,514.268],[7.064256944724711,46.8871011898731,508.259],[7.079832934714458,46.8941231795157,453.97],[7.074381750240249,46.89529050836584,443.774],[7.087094474915592,46.89709702662237,450.215],[7.088840062379968,46.89971971626733,465.971],[7.086233543597978,46.90192013643772,450.523],[7.093409282828645,46.9057912162077,456.334],[7.057879491941577,46.938610171622535,438.988],[7.06138326514258,46.9439965154655,484.446],[7.056456321072962,46.95522445917665,486.958],[7.059613754239463,46.955814204581976,491.119],[7.057903852140039,46.96541021973076,432.09],[7.063044429497588,46.97110873295782,429.398],[7.040163360434865,46.97984495187847,430.479],[7.092300802150115,46.9761256193615,430.452],[7.156081166629637,46.98603497692105,432.247],[7.200675588349548,47.00165962828096,436.816],[7.205091857623849,47.00626543808918,437.281],[7.21024525896927,47.00394752380109,437.98],[7.217786902722588,47.00641127294104,453.214],[7.223120672731184,46.998133160837725,506.542],[7.226248411797799,46.998682634890656,493.167],[7.222223527572577,46.99316183806003,494.404],[7.235689109968224,46.98456206218237,512.788],[7.214667995903322,46.97132891500534,487.211],[7.214222815372671,46.9669257014852,493.959],[7.194626304116844,46.96290419217194,450.269],[7.210999549612088,46.95657591430867,458.971],[7.207717878923552,46.94916600082545,466.098],[7.210266921074583,46.94302330073368,473.378],[7.201959891888427,46.93929834770447,480.602],[7.212684067819849,46.928454767943286,509.66],[7.20506927468387,46.92169222144721,500.217],[7.207808836783641,46.90913461411661,515.477],[7.187706669716158,46.900361516922814,536.805],[7.195315366225091,46.89900557297739,549.943],[7.199950966814869,46.90245966346713,539.292],[7.208802176364138,46.902606083759274,549.148],[7.217548962843169,46.89734651421908,482.615],[7.223514311530346,46.90276560548545,482.735],[7.230323492059601,46.903941398375665,482.542],[7.229130677736672,46.902298059017504,487.47],[7.236327504151035,46.89809530353758,499.744],[7.243143865719034,46.89791707973862,499.398],[7.24433394811266,46.90037425928289,488.975],[7.259305823297148,46.89796915943189,496.219],[7.280196527848274,46.88959847552064,508.444],[7.289379886537402,46.89377105129353,514.604],[7.309350303979155,46.89152439280107,526.423],[7.325731489019751,46.89373276261736,535.715],[7.353391222581485,46.88675651393684,552.628],[7.352528598562826,46.87555114338818,563.366],[7.359247767260222,46.863107312847745,577.129],[7.34933916637455,46.85331257380562,593.514],[7.338209638085726,46.84945559571246,604.33],[7.334233215977984,46.85240216708716,728.613],[7.326035119663631,46.85163270974976,776.762],[7.323004880898925,46.85476535401484,765.503],[7.330699937943458,46.857630520875844,801.117],[7.316408802429983,46.86259359925743,678.874],[7.312578783069105,46.86072798765204,668.536],[7.31207281434731,46.85557246393419,646.6],[7.302152681236982,46.8520365848238,716.865],[7.323328469026386,46.84041089953357,717.908],[7.331226223713609,46.831767409443266,632.962],[7.320252623498448,46.82673668227189,644.464],[7.320203025428412,46.814806748404784,662.03],[7.310317007180697,46.808020958857824,674.458],[7.307480773951832,46.79875914130539,686.872],[7.301592543585963,46.79282776483615,696.417],[7.304472409826033,46.78320553529339,712.064],[7.290468734866066,46.77204952476982,732.695],[7.30359439290979,46.7591897518965,763.229],[7.304211797994552,46.747783927275215,785.447],[7.296857298612394,46.73710972994416,811.821],[7.296753156539682,46.727810379454176,833.344],[7.300526535949243,46.72212397133123,847.387],[7.307916116401666,46.71717994769955,865.38],[7.348578641582478,46.71261391694036,962.374],[7.350611156383453,46.708547142546756,989.74],[7.345741511281171,46.69894066490382,1073.295],[7.362568868450587,46.69918270473119,1495.467],[7.368610079958236,46.69261319398621,1638.429],[7.380210065633865,46.69018520423444,1620.456],[7.375922761587597,46.68776576465497,1666.042],[7.377746154706898,46.68354714270317,1796.036],[7.372896353187381,46.68015296130628,1759.617],[7.376449236572189,46.67502780466498,2090.846],[7.37114123559998,46.66939054969405,1973.856],[7.369277513780213,46.655580945515176,2104.128],[7.377260223960607,46.65626286469863,1869.515],[7.362076959920791,46.64790455484726,1701.503],[7.357281833800872,46.63928343770851,1809.436],[7.355824789111457,46.645361317527346,2052.923],[7.345572916992522,46.65533868451675,2104.762],[7.321137778792846,46.65461750705503,2036.364],[7.329692874877246,46.641833019332275,2006.247],[7.324915749131286,46.63772206771488,2179.459],[7.313262963959018,46.63662454258449,2205.569],[7.312107258208497,46.62170416808261,1562.697],[7.318180582268761,46.61613492238363,1556.515],[7.314830157538965,46.60041961280083,1557.658],[7.320730190620692,46.591859157033404,1218.934],[7.312502489163892,46.58917795689899,1317.342],[7.30804232221935,46.58131944940278,1363.33],[7.299200094455141,46.57910344404874,1165.148],[7.281355112439085,46.58411120244067,1994.666],[7.255731922269224,46.56029185719148,1955.178],[7.22542292754186,46.54923500098767,2120.646],[7.207648914560299,46.532907136284905,1810.383],[7.200808653075288,46.54169336518344,1676.917],[7.192173075713498,46.54655857895373,1435.714],[7.163457146222252,46.52854776054349,2240.148],[7.148349549513205,46.52846490415186,2389.038],[7.145007522503371,46.526864561213706,2264.512],[7.136255999263461,46.50861166532948,2203.025],[7.122785509564697,46.49869933552202,2139.154],[7.110293727278644,46.49480450456631,2124.479],[7.100362550759843,46.48698928329845,2070.242],[7.061084546068098,46.487275197340466,1424.484],[7.021975163367964,46.461116963412834,1633.401],[7.017853910833022,46.44706857385555,1031.656],[6.987451581658404,46.437938035289335,1888.714],[6.983606412281985,46.438732212723664,1835.688],[6.992110177560722,46.44891307037697,1711.46],[6.979057361617105,46.461068306620824,1763.574],[6.977823942482122,46.47289272682525,1871.559],[6.981319373112333,46.4753900809843,1790.242],[6.973801025592452,46.481187817708076,1360.413],[6.972094757411443,46.49119409639324,1244.471],[6.954196196054888,46.50191024176359,1127.79],[6.934609281148085,46.501396307747186,980.245],[6.911384404969406,46.51324889552382,750.551],[6.901139627783663,46.513273865789714,711.311],[6.895714798258565,46.507750017334395,639.85],[6.896700462608898,46.52044817833882,805.943],[6.866336882611984,46.50079188034092,949.5],[6.862760236331127,46.49384750002965,811.997],[6.848902426947324,46.49337471841074,724.695],[6.835028119444444,46.5023163293911,743.495],[6.830339406040844,46.51246581504857,734.867],[6.824287721263525,46.51207815528916,825.508],[6.810873884615511,46.52512996315603,650.136],[6.825527246496534,46.54357089549038,630.476],[6.827828866612659,46.5429488326869,631.26],[6.825181860135705,46.5380169072011,635.723],[6.830318853454374,46.53744244253129,638.242],[6.855249899467614,46.541348947617095,676.815],[6.861077638639661,46.53068453313674,700.958],[6.869236660120631,46.54334377948389,739.086],[6.893148303944504,46.5590474378294,799.393],[6.893413537714228,46.559228070971905,799.676]],[[7.118713687729588,46.90239459473032,535.962],[7.123040887497703,46.900196769319784,616.78],[7.127257510112345,46.90445882041882,584.247],[7.138443056294886,46.907543306256365,553.063],[7.134663179468727,46.91939433568891,535.539],[7.114853102449134,46.91583647425241,475.727],[7.11323257637501,46.91055494600961,472.329],[7.119154522177556,46.90562271652849,515.766],[7.118398136106693,46.9029903155394,539.746],[7.118713687729588,46.90239459473032,535.962]]],[[[6.779825783191221,46.85296088608456,429.25],[6.865690140811739,46.90957515176269,429.25],[6.896419181619553,46.883038687434976,456.851],[6.906955213100268,46.87862261777748,482.833],[6.910797428685001,46.88062517720576,476.559],[6.921005659202224,46.8713309813583,483.736],[6.911764883155762,46.86714941672734,495.614],[6.909527298163606,46.86951085255161,496.795],[6.891870511669687,46.86495833329248,486.509],[6.896464598144536,46.86123182501378,499.935],[6.912870613576538,46.86593561791633,495.835],[6.930624913082317,46.8532425414214,442.962],[6.920403833230226,46.84807636493438,444.602],[6.907399376784169,46.834194578057456,444.557],[6.904881871898107,46.824975210255225,445.592],[6.910850709827566,46.81252983855369,477.04],[6.904885997622954,46.80561012262665,474.732],[6.91134498630475,46.803133612111964,467.884],[6.919997710149898,46.81056981970206,454.975],[6.927420579399859,46.809055170290534,445.796],[6.931521992182089,46.80461807300863,447.479],[6.921121854667577,46.79680781889404,450.133],[6.917110333829688,46.78471124436452,453.755],[6.910993814073899,46.77970973708004,455.447],[6.907341624648789,46.7838197148318,461.345],[6.894202897856986,46.77729551940538,474.534],[6.879547667269558,46.77530024880012,512.061],[6.863797056300043,46.781121154636054,637.481],[6.863798137616426,46.78528470495005,606.98],[6.85909218816629,46.78800315347446,695.56],[6.851599210111978,46.78587640678341,688.258],[6.844112002226432,46.77886254874007,739.735],[6.839493947564216,46.78095673858024,689.583],[6.833080460203789,46.774541004584705,710.212],[6.828064398619158,46.77662736115842,646.393],[6.825395681797878,46.77283867589099,651.646],[6.804653682131558,46.785644209732396,677.441],[6.79793685946855,46.78287681321972,675.056],[6.783011814099516,46.7933859158956,682.039],[6.775983581390249,46.78975179721723,687.857],[6.787278530795716,46.79960399566384,653.814],[6.783525147627286,46.80282792345576,632.259],[6.77881011278401,46.80057258704376,620.098],[6.74186912977201,46.82787569388189,429.25],[6.779825783191221,46.85296088608456,429.25]]],[[[6.817484063820099,46.73328694597133,709.521],[6.811281707580553,46.727898036812114,762.275],[6.801841881219819,46.726194149786416,715.952],[6.792979738424282,46.72555837898217,686.276],[6.787910512475655,46.72936285353754,763.476],[6.793511711619443,46.735741104877164,740.585],[6.798112650249666,46.73406056533594,685.212],[6.816338453154705,46.73832687023207,607.648],[6.814986739715775,46.740479656242705,656.066],[6.830427167024057,46.75382055388891,607.208],[6.829321883426045,46.75607170387146,653.111],[6.845472009436092,46.765856510601594,642.016],[6.848815716604573,46.771123898309334,644.131],[6.845640620619879,46.771702127623605,683.325],[6.84762473522484,46.77493560091656,675.945],[6.853069074399492,46.77471540582324,634.788],[6.85157045122074,46.77227411351306,625.667],[6.860173989068,46.76639874430038,530.511],[6.858831139099701,46.761460201919824,512.697],[6.865391040705739,46.762567105785344,536.807],[6.882090156173891,46.749805323139974,466.072],[6.866161490140449,46.73301974862983,470.92],[6.865407178683101,46.72932799069308,482.056],[6.867925199880898,46.72841953052642,489.639],[6.864526590059457,46.72520684335602,485.742],[6.84632997434143,46.7274775717424,643.479],[6.832562621956366,46.73501980730545,659.326],[6.820877602475208,46.73409920780312,695.342],[6.817484063820099,46.73328694597133,709.521]]],[[[6.77301044247313,46.751366036568626,680.292],[6.786263270996304,46.747610657149266,668.596],[6.784446588133509,46.735426233639934,750.051],[6.777559670272222,46.729774561025835,780.452],[6.777396058799154,46.726118260884206,793.849],[6.76240814823892,46.717374201356705,802.26],[6.758792133838069,46.725476215984315,814.886],[6.748699703191193,46.73180491582685,757.509],[6.77095828709201,46.74845137374332,685.122],[6.77301044247313,46.751366036568626,680.292]]],[[[7.234200470895239,46.9293897478496,477.652],[7.21854147412439,46.92434300274426,526.439],[7.215366467898209,46.930749480212434,518.355],[7.229384267079725,46.936897113250595,520.712],[7.230205586565425,46.93995249043881,533.327],[7.234773459043068,46.9382760896036,515.18],[7.234352281158499,46.93301738369219,476.819],[7.234200470895239,46.9293897478496,477.652]]],[[[6.971034603353747,46.826562413816816,471.965],[6.971059891082853,46.826031700116395,464.497],[6.971034603353747,46.826562413816816,471.965]]]]}},{"type":"Feature","properties":{"uuid":"{A7C284E4-45C4-44E2-ABAF-D1A0EAB10397}","datum_aenderung":"2019-11-06T00:00:00","datum_erstellung":"2012-10-26T00:00:00","erstellung_jahr":2012,"erstellung_monat":10,"grund_aenderung":"Verbessert","herkunft":"swisstopo","herkunft_jahr":2019,"herkunft_monat":6,"revision_jahr":2022,"revision_monat":1,"revision_qualitaet":"2021_Aufbau","objektart":"Kanton","kantonsnummer":3,"see_flaeche":6438.0,"kantonsflaeche":149352.0,"name":"Luzern","icc":"CH","einwohnerzahl":416347},"geometry":{"type":"MultiPolygon","coordinates":[[[[7.881062874485686,47.176160397325695,546.601],[7.875878004757031,47.183220530890374,531.21],[7.859966045918408,47.19237767209273,505.253],[7.85994011394977,47.19867385168581,493.489],[7.849148922230785,47.20979749137823,474.727],[7.846916109661676,47.21723072013286,468.372],[7.83665240471826,47.223806224080924,451.156],[7.839180317902873,47.235628430439526,444.199],[7.853216017291522,47.23242575143885,475.059],[7.910107969847417,47.243947969758615,524.831],[7.921173404621467,47.23791240933428,529.398],[7.933490021026596,47.23589698583826,573.27],[7.961885847060286,47.25406022412377,449.526],[7.949339642563802,47.271439689254265,436.101],[7.956027342472334,47.27686136968459,468.628],[7.986895084357235,47.276024761046834,648.429],[7.995300781540273,47.28155465142908,602.057],[8.016819264747182,47.25932484321568,546.158],[8.01575954933169,47.244163799406934,587.049],[8.029162906682147,47.24056137167896,682.45],[8.06298365844943,47.24667015796926,477.11],[8.056581096477991,47.25543955808182,473.878],[8.072670101962224,47.25505490885634,581.181],[8.088291251704485,47.262880011944404,703.932],[8.098783558029028,47.260190296192576,688.354],[8.10909429202383,47.24454835476699,809.261],[8.124421326530044,47.24136957911773,739.497],[8.135585353598668,47.2469412089219,621.109],[8.160271744818841,47.2488327154263,699.102],[8.174910652681438,47.25353685788181,525.273],[8.180756335360478,47.24739533859543,550.628],[8.17609523588526,47.24053621729829,617.725],[8.169783994962026,47.24194995666301,702.419],[8.155940118205699,47.23781202573906,865.545],[8.16187334726734,47.23615316625799,839.655],[8.159709941809513,47.233138607818894,787.9],[8.165575186040387,47.22844011355017,680.961],[8.174117252218704,47.2274946682258,630.044],[8.172785003036703,47.225041561179445,650.371],[8.175993181753075,47.22190308430781,657.012],[8.205061456994288,47.225987540943066,642.292],[8.202754189317707,47.23001905558281,633.452],[8.204490695619512,47.24263430822619,649.725],[8.207740487185728,47.24733624842846,627.89],[8.219752338351697,47.25216133878777,450.077],[8.228584341792988,47.27341774978668,450.315],[8.24239059897312,47.272318445908745,542.205],[8.242234354305758,47.278720790822675,586.726],[8.252609858148032,47.28652925292785,603.727],[8.258718720849545,47.28719373836141,650.929],[8.261742665890006,47.28254107378173,673.753],[8.270685973025463,47.28347679663724,698.943],[8.271724515793387,47.28076588755895,699.955],[8.27864420329582,47.28212307967365,752.204],[8.300265584374282,47.271483339002025,662.205],[8.294444783738848,47.26557245928116,728.758],[8.296029553429218,47.25941453709649,786.732],[8.31172563532631,47.24545612716762,811.731],[8.317000926386479,47.2249768719023,847.7],[8.320927778123036,47.221130268869025,836.859],[8.319462487502449,47.215618642012984,834.592],[8.325203879318673,47.214712463665535,825.068],[8.330447379467959,47.19735369781213,739.124],[8.33969200056164,47.1861393171962,664.992],[8.34094956900488,47.1737653882817,609.871],[8.35836544166459,47.156616502577585,502.548],[8.362178962359756,47.14609795509847,494.527],[8.374830365931738,47.143049386521014,535.365],[8.376090512866364,47.139253353214315,526.264],[8.40530065557108,47.13747837310626,404.467],[8.412215690785054,47.14056519991405,403.53],[8.416769038420043,47.13055590912163,532.408],[8.414355898254907,47.12618759603326,635.74],[8.417848365345533,47.12238807722817,644.92],[8.430404542895428,47.12331855143291,647.577],[8.44956272304997,47.13100984062966,458.586],[8.454115864902858,47.113695175260915,424.113],[8.465863927826238,47.11706355839691,413.658],[8.480381726193396,47.126325951067464,413.63],[8.49374267686475,47.1137308331235,413.542],[8.493054354780172,47.10017966033207,413.63],[8.476270389772676,47.10613691827318,413.693],[8.47366659061222,47.112207456583405,497.286],[8.464348514407968,47.11096632145957,462.534],[8.450007214537886,47.11442478079095,425.563],[8.448297253953452,47.111201163116846,427.973],[8.437500001537598,47.10931122123844,450.465],[8.437368387679674,47.10625691713513,470.72],[8.424237780565841,47.103820915422894,587.117],[8.409399837325976,47.09271124130778,603.03],[8.410687642928455,47.08593821349009,557.66],[8.40648469494594,47.07889867255895,605.306],[8.388922610687583,47.07038274710059,588.126],[8.390525175572503,47.06132814685158,552.47],[8.399241966730916,47.05944950572792,452.577],[8.43140690515594,47.065510649589086,437.773],[8.441387343681244,47.06308757194909,583.863],[8.445925118962704,47.05826417394037,824.164],[8.469932142478058,47.04748079509999,1630.015],[8.500610485946565,47.02468641904759,1647.23],[8.513497160686866,47.021687916435255,1543.712],[8.513547757623675,47.01255659648761,1236.849],[8.510906020057016,47.006115268302246,1361.518],[8.500772554893802,47.00090796550681,1147.231],[8.473603862952569,46.99554761660781,433.268],[8.468167134868137,46.99652358135024,433.336],[8.469069312981789,47.00928943352347,433.54],[8.427985387780105,47.017207566155484,433.424],[8.426013356454005,46.998141068277796,765.542],[8.396352803725184,47.000871844507344,1114.867],[8.385585879462186,46.99831866971195,919.756],[8.382699251220043,47.00137741335097,500.231],[8.383798919450715,47.0177149851354,433.54],[8.368514028577092,47.01995384887523,433.54],[8.334454719403986,46.989009920077,433.54],[8.318852541087994,46.99956573542827,433.443],[8.294791712497313,46.998145904855775,734.148],[8.288865093162133,46.99459261525099,920.014],[8.265499691656917,46.998181845046396,1226.143],[8.243972478492934,46.986015304943486,1442.399],[8.237717911571186,46.991831522001256,1330.381],[8.228069935149072,46.99261545228838,1014.012],[8.218102391168081,46.98109420489212,1081.094],[8.22888271511171,46.973146486670984,1922.462],[8.22890196127476,46.97001073701245,2075.155],[8.20302997907171,46.96693068236565,1706.484],[8.187341441164993,46.971746758692,1916.366],[8.15679624337764,46.96124294885968,1793.64],[8.150106161421379,46.95752580734586,1743.976],[8.151101461787,46.952874871922575,1354.825],[8.164746022855477,46.93884542385252,1625.947],[8.13466015477062,46.92225437706405,1745.534],[8.112745281369993,46.89377267230993,1662.38],[8.107609355492741,46.89489110585765,1522.679],[8.106435954111216,46.89844331359066,1499.594],[8.108547958621221,46.90827709574981,1466.17],[8.09478611899893,46.91197732124663,1806.902],[8.08584630916243,46.90607318594181,1911.219],[8.082599211333708,46.89917596848024,1919.599],[8.069829720752578,46.89572930427042,2039.831],[8.067003825741319,46.88782691138635,1899.991],[8.071598105998373,46.873718041539085,1594.238],[8.065985053473748,46.8669733833919,1466.962],[8.067277610045926,46.86242082952953,1541.973],[8.064968489455477,46.858738087433494,1534.077],[8.057520674391338,46.85748578661529,1271.273],[8.05894567674842,46.85343375986631,1342.633],[8.055987295715115,46.849302805955965,1442.504],[8.0457653380294,46.8441778827937,1768.952],[8.042202441529291,46.8364875288763,1941.195],[8.064489439400269,46.80806370397758,1241.574],[8.063868634798927,46.802980941132645,1353.025],[8.054889909359584,46.79864004452664,1838.245],[8.05609762100029,46.792947492875705,2128.805],[8.046943399664732,46.78711485065273,2348.866],[8.031387244593681,46.790250351711045,2243.587],[8.016647574650612,46.78805725211782,2062.421],[7.9957509466214,46.781770181721534,2081.709],[7.984576384870275,46.77498963092761,2221.217],[7.973482872543615,46.7783653552574,1592.82],[7.968707902452335,46.785128193349394,1345.296],[7.954046972149222,46.79120997644083,1100.572],[7.946750238045605,46.80525077670747,1338.667],[7.928764656564464,46.8164670911968,1183.376],[7.877082094343172,46.83706981925301,965.205],[7.867615449330462,46.85036627376999,1323.305],[7.869496564606499,46.86434940110265,1271.27],[7.857266984545245,46.8714588637379,1309.363],[7.856617030887587,46.88348829060563,1287.015],[7.873053054007254,46.88967486692549,1174.137],[7.875333022349613,46.8957622951046,1048.182],[7.881800970301042,46.89965909562216,967.408],[7.879798999103197,46.90126903279408,928.576],[7.883121985008645,46.90663587122229,761.929],[7.88026720196708,46.910800833389864,754.813],[7.867029299300882,46.91477433885437,743.984],[7.87266343691573,46.92429312513442,790.089],[7.897503622558094,46.93463775909486,918.811],[7.9152649328761,46.93463771869434,1183.909],[7.92168267540798,46.94673391507736,1240.997],[7.931657108113141,46.95051393341077,1225.209],[7.93224411366857,46.96165076899868,1163.151],[7.946123855701276,46.968851034504894,1237.184],[7.943915727497102,46.97718348843201,1205.958],[7.952492349071827,46.981731932011755,1251.598],[7.948383440423212,46.994067843158206,1241.467],[7.956210282762891,47.00342418740708,1346.159],[7.950083933708313,47.0070452030586,1371.64],[7.932669208687841,47.00424934765671,1365.554],[7.922873746959225,47.01055399689017,1235.85],[7.901831322376101,47.00625311801335,1360.053],[7.89693267853292,47.0130378968827,1252.837],[7.900541358262738,47.017977887237976,1227.122],[7.894754550863593,47.022165945304636,1233.095],[7.892373365023571,47.030101564634364,1153.034],[7.88407288633038,47.03327709976942,1146.764],[7.881595947010606,47.040592814309264,1158.762],[7.874764287072025,47.04096135061086,1161.999],[7.866448158288939,47.04979240715542,1061.202],[7.866208181817402,47.054190967794774,1025.876],[7.873907800505739,47.06170608537635,962.18],[7.871621955053531,47.06483150215958,906.224],[7.877283565301971,47.07158776232854,872.997],[7.878965298928414,47.07879992620591,780.269],[7.87670893930367,47.07965381853385,818.584],[7.880141625049651,47.081266594296466,831.997],[7.88164856557954,47.088755456704504,837.846],[7.877908085967623,47.092947674593304,790.747],[7.879514153813355,47.09552236507739,739.276],[7.873598166248944,47.097843644176685,718.818],[7.876196027569499,47.10165807510099,763.936],[7.872914929077543,47.10430242156144,742.432],[7.874954875637526,47.10943706632187,701.086],[7.868151244644889,47.111975763605884,678.827],[7.870048105079933,47.11590844050059,677.364],[7.867119436849464,47.11950501775813,653.44],[7.886182543177109,47.128581613555184,617.506],[7.890585750622086,47.13762734626025,692.64],[7.876300320112327,47.156015184848464,604.225],[7.876816760199445,47.167039897479434,570.068],[7.883264196619788,47.172740602570535,554.318],[7.881074817538678,47.17615615990829,546.875],[7.881062874485686,47.176160397325695,546.601]]]]}},{"type":"Feature","properties":{"uuid":"{E11CD2CA-2E2D-415C-8789-C10D7C26E441}","datum_aenderung":"2016-12-09T00:00:00","datum_erstellung":"2012-10-26T00:00:00","erstellung_jahr":2012,"erstellung_monat":10,"grund_aenderung":"Verbessert","herkunft":"swisstopo","herkunft_jahr":2017,"herkunft_monat":1,"revision_jahr":2022,"revision_monat":1,"revision_qualitaet":"2021_Aufbau","objektart":"Kanton","kantonsnummer":19,"see_flaeche":870.0,"kantonsflaeche":140380.0,"name":"Aargau","icc":"CH","einwohnerzahl":694072},"geometry":{"type":"MultiPolygon","coordinates":[[[[8.175993181753075,47.22190308430781,657.012],[8.172785003036703,47.225041561179445,650.371],[8.174117252218704,47.2274946682258,630.044],[8.165575186040387,47.22844011355017,680.961],[8.159709941809513,47.233138607818894,787.9],[8.16187334726734,47.23615316625799,839.655],[8.155940118205699,47.23781202573906,865.545],[8.169783994962026,47.24194995666301,702.419],[8.17609523588526,47.24053621729829,617.725],[8.180756335360478,47.24739533859543,550.628],[8.174986650959578,47.25351537822438,524.946],[8.160271744818841,47.2488327154263,699.102],[8.135585353598668,47.2469412089219,621.109],[8.124421326530044,47.24136957911773,739.497],[8.10909429202383,47.24454835476699,809.261],[8.098783558029028,47.260190296192576,688.354],[8.088291251704485,47.262880011944404,703.932],[8.072670101962224,47.25505490885634,581.181],[8.056581096477991,47.25543955808182,473.878],[8.06298365844943,47.24667015796926,477.11],[8.029162906682147,47.24056137167896,682.45],[8.01575954933169,47.244163799406934,587.049],[8.016819264747182,47.25932484321568,546.158],[7.995300781540273,47.28155465142908,602.057],[7.986895084357235,47.276024761046834,648.429],[7.950642758056419,47.27478439187522,435.259],[7.95165850496605,47.26569494355462,440.223],[7.961885847060286,47.25406022412377,449.526],[7.933490021026596,47.23589698583826,573.27],[7.921173404621467,47.23791240933428,529.398],[7.910107969847417,47.243947969758615,524.831],[7.853216017291522,47.23242575143885,475.059],[7.834215809098169,47.2376762755652,432.881],[7.826079102653396,47.24690279276552,422.988],[7.830382196884783,47.25926993149736,407.096],[7.825113911695704,47.26557490768143,399.699],[7.841812067210674,47.27447248957628,398.758],[7.861261064107135,47.306235511560985,398.099],[7.873649976307876,47.311731519419666,398.056],[7.889258374497137,47.311626069326,391.742],[7.898102352200448,47.31982616460972,391.008],[7.896856331975641,47.32765976959363,389.883],[7.907813004241292,47.34172079234271,388.852],[7.919216438414276,47.33395242057862,624.023],[7.947838728512984,47.33251823006832,641.102],[7.947977991196677,47.31714441109616,432.202],[7.97651171465168,47.32344468403781,475.348],[7.990953587339406,47.33281102724208,445.548],[8.005199593958194,47.33675279191173,448.534],[8.007364828761222,47.33930515631077,463.476],[8.003845604555018,47.34531589817722,489.117],[8.011825619440817,47.349816700284585,512.329],[8.010482639701836,47.356952047695486,493.409],[8.026796336506916,47.368775139986944,440.451],[8.031376242858268,47.38368698170285,378.938],[8.026570563975728,47.395623873923746,373.219],[8.010011361430255,47.39541958203465,384.561],[8.007270981825572,47.406587412128374,424.75],[7.963208032676505,47.42235658701153,900.777],[7.982712891798482,47.42833451076279,856.97],[7.98547468651367,47.42276579665554,708.393],[7.986497442179916,47.43316418523446,746.1],[7.981005841842797,47.44848246160475,676.455],[7.974887140736762,47.452003876570224,695.682],[7.974294470866006,47.459550144243174,545.298],[7.968292703042554,47.46281049246058,447.155],[7.959365722542993,47.45479467982918,478.723],[7.948863262964418,47.463782019086985,627.7],[7.940036698064435,47.46202355254682,631.2],[7.947024465017725,47.48489253546097,692.59],[7.933297453904724,47.481410275231354,685.932],[7.904830954878644,47.484911926754116,536.439],[7.904778278608923,47.49217771702802,580.19],[7.893874328475884,47.50619244944086,637.121],[7.87568016827238,47.51319635780691,565.955],[7.876667803159634,47.52269375820476,580.833],[7.86396581083299,47.51931262377595,555.244],[7.862578238735766,47.52692381904489,596.179],[7.85731867394924,47.53321468585024,523.179],[7.833216411484409,47.533827704589555,447.984],[7.835302554701979,47.531764195273816,434.175],[7.831984844815911,47.514740306634934,426.429],[7.807426130728851,47.49714217452133,560.792],[7.798170788106348,47.49940323502235,427.694],[7.7988981287849,47.49565522590677,450.115],[7.78663318231573,47.49312517941732,527.372],[7.792807371209785,47.50068815648117,550.21],[7.787740121872499,47.51342614959454,418.902],[7.789866460568759,47.51903002576137,386.464],[7.737982399776538,47.527329358911096,298.149],[7.733230148320509,47.53275910888063,288.587],[7.727165424781393,47.532934988965295,279.992],[7.723631274708532,47.53675863220646,270.549],[7.715964647247566,47.53582642936494,260.821],[7.713528500079383,47.539643904910356,260.822],[7.75223429491743,47.544809820228735,260.915],[7.795688514517457,47.55737985176503,262.201],[7.811470286442997,47.56919286434236,263.202],[7.81821476821664,47.586231953011186,270.421],[7.823087716891971,47.58798899677951,270.584],[7.842623708643381,47.58214291718377,280.867],[7.868119610759184,47.58874182297992,280.863],[7.892073735975749,47.587428776140946,280.889],[7.903095224512914,47.58081578774864,280.932],[7.910619185066267,47.57138343617925,281.016],[7.91144256314212,47.56660319636798,281.091],[7.907230942884348,47.55986347975508,281.188],[7.911962793669417,47.550778091569185,281.413],[7.944134304482028,47.543886947691036,282.081],[7.949325550452101,47.546226919276805,282.148],[7.952646748358951,47.55473706587984,282.434],[7.959886046602348,47.55813158652818,289.336],[7.976574244092351,47.55528630108516,289.357],[8.000712844150545,47.55631826599492,289.361],[8.021350577281728,47.55034894670917,289.554],[8.04732123953676,47.55571305314041,289.609],[8.05938297488135,47.56353876588304,299.563],[8.067266306700002,47.56448572419346,299.747],[8.081337851116352,47.558057556402254,299.889],[8.08930754700918,47.55771451108118,299.967],[8.099498837985026,47.56282876813099,300.193],[8.103146294123187,47.57631797275339,300.576],[8.109811855972795,47.58255188249504,300.896],[8.135889711047968,47.583726806640016,301.523],[8.138203642239493,47.59011512176268,301.852],[8.149138081546042,47.595832257513045,301.995],[8.16493660663715,47.594187569060466,302.206],[8.185396352143721,47.6055430544781,311.005],[8.196947444484833,47.618416178282565,311.099],[8.205963524411054,47.62106948028253,311.16],[8.219726648927503,47.61758533399566,311.357],[8.226503381444333,47.605042754835644,311.741],[8.237920419478655,47.612690388845564,312.524],[8.25728661622077,47.61529388729371,314.066],[8.264900940343022,47.60930636034943,316.342],[8.27926433270103,47.61170535195637,317.09],[8.292463406966693,47.60888530281969,317.438],[8.297736385373579,47.60518823427012,317.791],[8.295335148765991,47.594558663003696,318.923],[8.29775721826431,47.58923724422538,319.663],[8.329202445607487,47.571045571877114,322.592],[8.358739500860931,47.57013250284083,331.719],[8.382636137013318,47.56572261105433,331.813],[8.398290763854163,47.57717814090683,331.874],[8.425679292020853,47.56785956998838,331.941],[8.418751395630402,47.56516242285033,367.345],[8.416878812522521,47.56093374253428,380.266],[8.414451300423151,47.55389194762699,468.59],[8.41740684063155,47.54588578317468,550.96],[8.41113454304588,47.546099396890405,441.788],[8.404220850149521,47.53821226770274,519.902],[8.401019816770429,47.54002977494542,541.637],[8.40443042599506,47.534315153734426,591.82],[8.395090638760369,47.53175987311405,516.149],[8.393325777150835,47.52571936625963,539.94],[8.384204711842001,47.52820013223778,553.238],[8.378801471247888,47.51366672272816,544.309],[8.361234349399568,47.510101549522055,437.356],[8.35769345930351,47.5025252156119,507.301],[8.363104918414143,47.50114318767572,512.895],[8.358283107832788,47.49748106696666,520.598],[8.362658106114406,47.490608470119405,606.395],[8.363275878746382,47.48085626074212,858.902],[8.374199416537351,47.48045583592563,781.959],[8.375326796571516,47.47113803734737,566.411],[8.367798026169565,47.470356542927085,543.946],[8.365686368147859,47.46621453196742,522.962],[8.369451320256037,47.46533503856522,478.081],[8.372844823464753,47.459179690123385,441.561],[8.382914794904977,47.456243482377275,427.466],[8.386906141693949,47.44959871490101,414.911],[8.381019167938302,47.446373227021205,426.747],[8.385039219602017,47.43594249205613,507.348],[8.375080877716945,47.43066568105857,380.146],[8.387633205077616,47.42795882128341,380.224],[8.392263653305273,47.42168678186325,382.452],[8.387550746355737,47.41635930865725,388.275],[8.381761156937007,47.4162651479,392.492],[8.385382438530062,47.41448257324405,389.633],[8.38115752523747,47.41030754695867,401.73],[8.384623293279587,47.40621629114975,408.871],[8.382006528937588,47.40351869249617,444.556],[8.362756828831795,47.401612469556,641.681],[8.366387595680672,47.398823297186574,631.151],[8.379349235236749,47.399908905910245,500.247],[8.383150925931453,47.39458173200645,517.577],[8.396567420259181,47.39386300316174,404.313],[8.394031933913634,47.39116155011666,408.952],[8.396391764363411,47.377042596143475,431.515],[8.400775086665279,47.374201368667386,437.792],[8.4003707887361,47.3705140397838,520.158],[8.40785132620195,47.369763643785845,588.038],[8.40493975800586,47.36409924314039,615.548],[8.40928315457705,47.35507167435599,633.098],[8.403872304080586,47.34656660531424,643.246],[8.416629523482364,47.336881284323404,547.902],[8.413207744227305,47.32639752951907,600.087],[8.434775897269144,47.32532129557312,597.048],[8.455111023018297,47.33408340287631,629.557],[8.44579584037434,47.319993336124334,630.223],[8.432054046025108,47.311544247220084,614.587],[8.429137429349534,47.30067689333835,540.425],[8.397229669449084,47.28790334205664,404.949],[8.388646484382722,47.29002718907961,380.876],[8.395006086090895,47.27808802215303,382.077],[8.402239856200099,47.272252851593024,382.928],[8.402740893834126,47.25500434498725,384.859],[8.410941135901984,47.24676715153967,386.223],[8.405834648753046,47.23671485356777,387.535],[8.394845653896859,47.225734791999265,389.539],[8.400828346515294,47.21509555842453,390.819],[8.405302701954632,47.195726589013,393.52],[8.400337253188633,47.185872847384275,395.08],[8.402135418941702,47.177302840783675,396.455],[8.411196613888373,47.17416320617277,397.799],[8.415232593883173,47.16459824218108,399.197],[8.411966599385838,47.15383137199991,401.023],[8.413594199581391,47.14212333017684,403.329],[8.40530065557108,47.13747837310626,404.467],[8.376090512866364,47.139253353214315,526.264],[8.374830365931738,47.143049386521014,535.365],[8.362178962359756,47.14609795509847,494.527],[8.35836544166459,47.156616502577585,502.548],[8.34094956900488,47.1737653882817,609.871],[8.33969200056164,47.1861393171962,664.992],[8.330447379467959,47.19735369781213,739.124],[8.325203879318673,47.214712463665535,825.068],[8.319462487502449,47.215618642012984,834.592],[8.320927778123036,47.221130268869025,836.859],[8.317000926386479,47.2249768719023,847.7],[8.31172563532631,47.24545612716762,811.731],[8.296029553429218,47.25941453709649,786.732],[8.294444783738848,47.26557245928116,728.758],[8.300265584374282,47.271483339002025,662.205],[8.28537931230656,47.27999282946307,734.886],[8.261742665890006,47.28254107378173,673.753],[8.258718720849545,47.28719373836141,650.929],[8.250727088009945,47.28608798920019,604.753],[8.248664652978563,47.28120085179711,614.299],[8.242234354305758,47.278720790822675,586.726],[8.24239059897312,47.272318445908745,542.205],[8.228584341792988,47.27341774978668,450.315],[8.219752338351697,47.25216133878777,450.077],[8.207740487185728,47.24733624842846,627.89],[8.202789535619441,47.231575782325486,628.629],[8.205061456994288,47.225987540943066,642.292],[8.176125549392365,47.221951260630256,659.152],[8.175993181753075,47.22190308430781,657.012]]],[[[8.438234145864106,47.407563269767145,388.822],[8.440371783019012,47.40852366138753,389.286],[8.438520648416947,47.40761557079894,388.875],[8.438234145864106,47.407563269767145,388.822]]]]}},{"type":"Feature","properties":{"uuid":"{E7A83048-1B67-44C8-9558-E52777CC4022}","datum_aenderung":"2020-11-19T00:00:00","datum_erstellung":"2012-10-26T00:00:00","erstellung_jahr":2012,"erstellung_monat":10,"grund_aenderung":"Verbessert","herkunft":"AV","herkunft_jahr":2020,"herkunft_monat":4,"revision_jahr":2022,"revision_monat":1,"revision_qualitaet":"2021_Aufbau","objektart":"Kanton","kantonsnummer":4,"see_flaeche":1922.0,"kantonsflaeche":107653.0,"name":"Uri","icc":"CH","einwohnerzahl":36819},"geometry":{"type":"MultiPolygon","coordinates":[[[[8.491439466179445,46.772527078415116,2857.819],[8.488295070732713,46.78146404551896,2471.291],[8.478557097765968,46.78927161153305,1479.143],[8.481939444948262,46.79389349198206,1248.598],[8.481136573489863,46.798424134445064,1594.139],[8.471326686264259,46.7955265313479,1425.571],[8.464272591865337,46.800534417657296,1743.012],[8.472318905418946,46.79937332885125,1752.169],[8.481977054287416,46.80325913117598,1809.967],[8.483237909862526,46.8087552726785,2100.288],[8.478134402232255,46.81371842066862,2627.579],[8.48368685188409,46.81986997354762,2703.879],[8.486315185720981,46.83203693865637,2594.375],[8.488968103903822,46.83565613215606,2654.583],[8.504373227924567,46.841178515637516,2810.238],[8.506886580426245,46.845476045503375,2886.526],[8.497875179759133,46.85372614810986,2818.244],[8.4901993319142,46.85303676041859,2588.926],[8.480053714257068,46.857247669021866,2781.485],[8.470844264523041,46.85484958007255,2801.06],[8.467905731295122,46.86064198202038,2674.648],[8.47134703469415,46.868126933586666,2328.875],[8.467199585449903,46.876241880539894,2356.932],[8.479099212015987,46.88252081032514,2203.242],[8.47406501915012,46.89342808784067,2145.085],[8.45830729759707,46.89877546461077,2403.894],[8.464271643868907,46.9047352309909,2220.409],[8.481267730789229,46.90852952135632,2289.95],[8.486096785764005,46.91847257837225,2184.194],[8.498117003477637,46.918755256077134,2156.99],[8.502787568875359,46.91442616798584,2060.89],[8.515332594659029,46.91798039424909,1996.2],[8.519840550456875,46.922840527252305,1887.984],[8.544059726704763,46.927859665226606,2117.023],[8.547681690815097,46.934816903082364,1784.503],[8.543581389135724,46.93934929652839,1516.909],[8.558826330251113,46.94040288834833,1578.46],[8.555638848229572,46.94111329652683,1663.253],[8.554975949306467,46.96321415879868,914.223],[8.574534701292901,46.98235078944801,497.525],[8.571049221040221,46.99015533346395,433.54],[8.582424895783424,46.99340702970427,433.54],[8.603148518917422,46.98683803598206,433.54],[8.601188224169434,46.975234673160934,433.398],[8.604402718183273,46.95196449898147,433.452],[8.622403972224548,46.952730080748225,495.64],[8.669578000007233,46.94407078755448,1037.508],[8.692961940509711,46.94697764214665,1224.833],[8.699809394978073,46.93480354433574,1781.306],[8.696540087718043,46.928799419060816,1907.584],[8.698561583468255,46.92428898401084,2097.471],[8.707659580048164,46.917186579636216,2459.008],[8.717678073379133,46.91848857175259,2378.818],[8.737429819478747,46.93237937162238,2366.139],[8.770929009543062,46.94150113884793,1279.973],[8.777845449756926,46.93313369482113,1481.86],[8.787749550076223,46.93035442560421,1848.636],[8.810704524032959,46.94145280546519,1635.896],[8.82677305148446,46.935712397771645,1426.676],[8.83008015208295,46.93046306468842,1466.577],[8.82778797055207,46.919344634246926,1696.462],[8.836124528805204,46.907677925764716,1596.223],[8.848812009331537,46.9127697703207,1165.826],[8.847843248467521,46.89099383868472,1802.695],[8.853181891373694,46.88540404963268,2186.077],[8.861449125311962,46.8916353054992,2062.336],[8.86127851725164,46.894506361166115,2061.825],[8.874431540007294,46.89497476630574,2305.21],[8.88697658046026,46.90235518141601,2409.354],[8.895185120808263,46.9029238711062,2503.221],[8.935383730594525,46.919850935383394,2609.17],[8.943570791305422,46.90616062556792,1304.572],[8.953416435323609,46.90069025908005,1602.128],[8.957286155612325,46.88790194614574,1946.885],[8.955921022183542,46.87532850318185,1988.469],[8.917817652384672,46.860477103652734,2972.727],[8.909254428997869,46.86097455726113,2848.55],[8.89566854795994,46.8495680936419,3069.072],[8.871236720202052,46.842031637475486,3267.56],[8.881642786397904,46.82906802825966,2935.273],[8.880169654274207,46.82007649195243,2939.604],[8.875572085821501,46.8159624617997,2982.643],[8.877053718123001,46.81291409398125,3063.566],[8.873934237592987,46.80863382476953,3040.613],[8.859886531045817,46.80569508765596,2834.454],[8.847303459365067,46.798005689029885,2902.202],[8.848216621326007,46.793440257540475,3197.61],[8.834467071867723,46.79521099977974,2925.417],[8.827685441502586,46.79163753138611,3256.181],[8.827905757617568,46.77919840892372,2828.219],[8.834576909432334,46.76685242033232,2824.003],[8.818552488562695,46.76248065440429,2960.804],[8.810436928903995,46.744921666990585,2856.525],[8.812984858282121,46.73731116924009,2963.277],[8.781989776258998,46.72830882211434,3027.913],[8.769664171286903,46.74057550801024,3279.416],[8.769594998019848,46.74434573997945,3266.125],[8.765156266470251,46.74446687412968,3138.842],[8.747644734435656,46.73590719075209,3014.702],[8.744401931152145,46.72887815343221,2793.534],[8.749070061939866,46.72073689903731,2402.666],[8.743031950839724,46.715515604169234,2645.277],[8.726102680631339,46.70687079180588,2490.533],[8.717710412714368,46.70608124106391,2751.69],[8.71720218880177,46.702584785807865,2757.175],[8.708989701172957,46.6989587431062,3059.495],[8.698571352904127,46.70347780932959,2931.239],[8.692592738261505,46.70184536920135,3096.18],[8.686287621055376,46.694175382787,3057.428],[8.678305449298527,46.69494587912808,2879.277],[8.674362362346764,46.69214070972434,2824.324],[8.673605752340993,46.67141010870112,2595.079],[8.678612908452497,46.66426195471952,2174.66],[8.654883534564087,46.649968475698394,2564.697],[8.658421572734031,46.64715966433224,2729.71],[8.657477300711525,46.64163022097908,2738.932],[8.651067765132739,46.6345848897794,2829.265],[8.664025710250533,46.62167891693105,2889.16],[8.67668095067774,46.61996592984492,2708.367],[8.678749084273996,46.61599202856366,2518.72],[8.679608894644522,46.60534380846261,2585.648],[8.6767239603929,46.599372091638706,2705.827],[8.681925269123665,46.58852867853525,2473.546],[8.678749150687338,46.57919056956326,2769.376],[8.659956691691216,46.57365259268585,2764.038],[8.651292529041248,46.566688313918625,2641.659],[8.634657833995798,46.56437876179724,2776.622],[8.630884413885905,46.565801724242064,2702.416],[8.629554878441317,46.573736992310245,2876.283],[8.625347351236078,46.576938288629954,2875.305],[8.614963847625436,46.57815311282428,2999.313],[8.611257008983765,46.57499898401302,2920.048],[8.590539636138084,46.57340544517685,2779.997],[8.573703471407264,46.583712676903424,2613.365],[8.55092280274478,46.580690341705115,2200.417],[8.539208697499182,46.58678060367091,2659.658],[8.521185501015573,46.57724855112142,2589.887],[8.521007195281108,46.56691699683033,2686.072],[8.51357951658029,46.55923154158105,2764.254],[8.519474695164076,46.53891885704394,2962.631],[8.482636879828162,46.53239465421729,2861.398],[8.47764056930086,46.527614673531,3024.804],[8.465540557005836,46.53548280258862,3039.176],[8.457407074949344,46.533653345893235,2914.945],[8.429264867692156,46.54331147802231,2935.069],[8.423262321406138,46.560155518679835,2853.557],[8.409955496339553,46.57747946532806,2762.973],[8.406144871504678,46.58596216927016,3018.21],[8.410307982564897,46.59637613331231,3132.014],[8.407637499744107,46.59951952165283,3216.52],[8.416139658222512,46.60682772364057,3359.432],[8.420406183609664,46.61634957100848,3415.842],[8.422356456785236,46.627263013213295,3515.7],[8.418806846325152,46.63591631236753,3512.012],[8.421991555780263,46.647881145187775,3608.348],[8.41822680684561,46.65219351552836,3554.371],[8.410272723737931,46.65293884236723,3501.943],[8.408433952643957,46.665624764641656,3335.702],[8.398061377075699,46.67422586768612,3328.111],[8.39736366322603,46.68424768769905,3443.994],[8.399617128457153,46.69287309172344,3297.581],[8.428190229771488,46.68606155591124,3156.04],[8.45229233171897,46.68874209819861,3314.065],[8.455074269504033,46.697520158195914,3466.494],[8.45214765585528,46.70420209739775,3262.179],[8.454078356448758,46.71084855499043,3317.246],[8.44743010513153,46.71415533099142,2776.739],[8.447078919857423,46.72705736353482,2295.113],[8.449720883499083,46.72983582069994,2304.829],[8.440696228309521,46.73804545906324,2563.911],[8.440707425798472,46.74443833006709,2677.821],[8.443772273312698,46.74709956953272,2852.464],[8.439114785967298,46.753007382940986,2924.732],[8.447345190641236,46.757915068299894,2925.512],[8.448325875175321,46.763420922656195,2946.414],[8.460359069661136,46.76910047120335,2806.691],[8.474093303073293,46.76771107369693,2900.628],[8.49044889859088,46.772095098537896,2838.651],[8.491439466179445,46.772527078415116,2857.819]]]]}},{"type":"Feature","properties":{"uuid":"{87370D3F-DBBE-4D05-AF85-C358C3924B3D}","datum_aenderung":"2018-11-22T00:00:00","datum_erstellung":"2012-10-26T00:00:00","erstellung_jahr":2012,"erstellung_monat":10,"grund_aenderung":"Verbessert","herkunft":"AV","herkunft_jahr":2019,"herkunft_monat":1,"revision_jahr":2022,"revision_monat":1,"revision_qualitaet":"2021_Aufbau","objektart":"Kanton","kantonsnummer":20,"see_flaeche":13121.0,"kantonsflaeche":99433.0,"name":"Thurgau","icc":"CH","einwohnerzahl":282909},"geometry":{"type":"MultiPolygon","coordinates":[[[[8.838816098550785,47.571194008329336,379.584],[8.831235200526491,47.57339548345861,379.348],[8.830025272491268,47.571100123245735,379.509],[8.80741886285254,47.57157397165984,376.158],[8.80810280004173,47.574327491808496,375.814],[8.80475069045911,47.57505942398681,375.371],[8.806212994817539,47.57950402958772,376.488],[8.801073346857528,47.58053806810155,375.806],[8.806051290594066,47.58314679459789,376.512],[8.765281820549513,47.59255555651917,370.997],[8.74823243932961,47.59230807717926,368.813],[8.745670020785887,47.596487779001535,385.688],[8.74878835984502,47.6000413760507,421.505],[8.739406318912177,47.60803958649082,444.102],[8.740175652440577,47.611897013919325,431.04],[8.745818632926666,47.61294633039192,469.64],[8.748131553161912,47.62304181094837,463.524],[8.756325085522988,47.61662286031752,465.773],[8.762192340778157,47.618085805085855,476.548],[8.789809619338978,47.609406303711815,473.027],[8.788793249018006,47.603437620962566,491.568],[8.802829013133364,47.601138961313694,516.986],[8.804714656053164,47.61332135411428,464.057],[8.81400518183407,47.617213990966825,434.723],[8.811556395608717,47.61897270980268,437.954],[8.814305073128663,47.62108135703692,442.167],[8.811712087532488,47.62264537624911,463.497],[8.813149148482019,47.62743847992772,466.214],[8.820239979491928,47.62929654881832,530.387],[8.827801445606495,47.64078128873853,572.932],[8.82456668842547,47.647821056557845,589.969],[8.80486521714569,47.65223232676522,620.681],[8.805263842378148,47.66472425609644,440.774],[8.788544173907583,47.66536135218461,438.034],[8.786019955516018,47.655204931729756,419.357],[8.782281235297077,47.65236138294899,420.905],[8.776194164179527,47.64884496076082,417.791],[8.764852037892933,47.64881727269857,429.303],[8.747209001190077,47.63864416651681,447.101],[8.743372829154934,47.63976832205231,450.124],[8.743469427600981,47.643029448688225,449.574],[8.719798248919975,47.641087728307795,466.727],[8.714193397788598,47.644380333709876,470.414],[8.708729199673542,47.64190362572498,477.404],[8.684616951691474,47.653395492385854,515.833],[8.67769857600092,47.662578865305704,561.909],[8.676881665860853,47.67177383446808,543.901],[8.667987796426978,47.67713723342478,547.424],[8.669433500563185,47.684850149671696,390.806],[8.690256019266785,47.69539100081985,390.709],[8.708568467782301,47.68947584841852,390.846],[8.732233033965695,47.69289588994713,391.219],[8.751664119465579,47.6907002089671,391.539],[8.789088296995736,47.67536169229069,392.352],[8.803878487074158,47.678362933778374,393.035],[8.830677361174164,47.674425813388986,394.057],[8.838410057740385,47.67023140141358,394.342],[8.841334855650224,47.66455652895705,394.342],[8.85457333282749,47.66067396313287,394.425],[8.845641868642906,47.65306138140183,421.276],[8.84937967848292,47.651008033829996,424.39],[8.85794573537725,47.65008158505371,424.417],[8.8653300619959,47.65609774237541,395.46],[8.881689482741775,47.65451965107803,395.46],[8.895120119261483,47.64813853444225,395.46],[8.941518152479672,47.65627877568788,395.46],[8.980145251070011,47.67350823376358,395.46],[9.023379740986229,47.68685246895853,395.46],[9.075894443214567,47.678618845252544,395.46],[9.094203151723532,47.679421834032475,395.46],[9.117992379958787,47.66870305309937,395.46],[9.139215581821507,47.664167501240804,394.625],[9.150776844267929,47.667640980717266,394.625],[9.175970222440526,47.65398661947072,399.44],[9.187102429378822,47.65745105144543,395.46],[9.214832133455472,47.65509580430727,395.46],[9.256560967743663,47.65870777559731,395.46],[9.394713961313718,47.62032619994708,395.46],[9.495603812437807,47.55145520192629,395.46],[9.506947519573172,47.54973948287719,395.46],[9.446966165832032,47.51131202566823,395.46],[9.425114932711525,47.50149869629887,398.844],[9.421280501301325,47.496171662187486,407.943],[9.413536130808556,47.497521991322415,412.86],[9.406505288173172,47.49405924211344,460.197],[9.396990288855273,47.47497644641062,576.617],[9.379608816215013,47.485471103039565,579.852],[9.380831719307217,47.48730551088096,557.822],[9.366529290429904,47.485456235237834,569.652],[9.372794526911116,47.490459875229476,565.31],[9.368443636720777,47.49207806704601,564.301],[9.374078348867053,47.49535626500264,518.917],[9.374047649468393,47.50038251802779,492.637],[9.356940226514197,47.50340850294405,512.506],[9.355911635366178,47.500867614423484,534.107],[9.341807107531405,47.503718335537584,513.413],[9.336923639256247,47.50127925474747,533.959],[9.33830829383574,47.50683284019916,508.441],[9.346170841335793,47.50801754616893,507.0],[9.348505734111944,47.51124895689938,484.629],[9.345775965719659,47.511844807653155,480.259],[9.354667011992898,47.51534496181582,452.245],[9.356404297537,47.51949611762653,453.011],[9.34381969415088,47.51996809852509,464.027],[9.338991428959668,47.524852728113316,462.527],[9.339580997136403,47.531450753727775,452.848],[9.338300303340146,47.52887078087696,461.057],[9.328756661630127,47.52839220493954,484.697],[9.318491090043912,47.53170253332134,493.928],[9.31234116865609,47.52756191140306,474.958],[9.312763585213451,47.52212295436184,479.357],[9.302755476484434,47.52642847968753,513.747],[9.282295428578152,47.52068029469809,511.72],[9.284829057273567,47.518511407076076,517.051],[9.27948194172284,47.51397370784214,515.219],[9.280365138210074,47.51007700450052,523.671],[9.275394916201742,47.513151785848045,512.158],[9.268770965957767,47.51166517614828,509.114],[9.274520495711007,47.50680047274429,522.143],[9.291569084284033,47.50666037680867,541.488],[9.302585955715621,47.512339206891454,537.771],[9.303360735127205,47.51565809226618,522.693],[9.316615438981396,47.50959196217765,535.548],[9.308404361187227,47.50529066901366,531.024],[9.308133780570547,47.49822589243138,493.346],[9.31742330170233,47.50042371617816,496.908],[9.320971329887833,47.49082858414814,501.069],[9.298653629411573,47.47722888184469,592.554],[9.28118575617975,47.483068508303354,574.223],[9.27836828948351,47.479393420009295,584.854],[9.263541465849535,47.474665414634124,575.384],[9.251163113285967,47.47449195825296,557.747],[9.24460957357648,47.480280296607305,558.01],[9.224711142691545,47.48455432786182,508.41],[9.218294553263355,47.483808908695714,503.898],[9.213198891673159,47.478905501821856,482.835],[9.206379896271027,47.482474186754345,533.313],[9.209895651298599,47.48932345329479,516.454],[9.193073057589883,47.48893547167423,574.152],[9.188787524545559,47.49310430108451,578.115],[9.18286607651913,47.49134180105061,571.063],[9.181003830269246,47.49736882711575,585.426],[9.173720025804915,47.494511376103574,580.092],[9.169179332484765,47.498302494158274,603.188],[9.171968526355341,47.50332027776959,582.367],[9.169220649764128,47.50399548284102,590.904],[9.160728213056922,47.499982825264084,620.583],[9.162599933844138,47.49649828745088,651.22],[9.155399525297339,47.4876536439549,677.967],[9.125411004512534,47.484145097678045,619.765],[9.118467950332873,47.47972375294018,670.924],[9.112857830491164,47.484414692425226,632.835],[9.098558624661138,47.48560379829929,600.966],[9.08986939562478,47.482768301861995,619.643],[9.083605796304655,47.48903477124951,671.393],[9.082365757073976,47.49523609876501,765.986],[9.062657654748206,47.492463932057156,680.029],[9.055828391033119,47.4874102328785,664.06],[9.04209653858504,47.49578990231329,698.096],[9.028318727976105,47.48866932966372,548.898],[9.012488118264198,47.48997101857787,534.268],[9.010793300541394,47.48546300348176,521.318],[9.003591273934424,47.48119121966253,507.247],[9.011976775242356,47.47534431103278,516.561],[9.008223251676343,47.47236640312806,520.955],[9.029495863069622,47.46665782275751,561.327],[9.030736692790905,47.46178866520958,569.967],[9.026422642045349,47.460142140320905,580.137],[9.027358769938692,47.45766761288012,566.696],[9.050417792759411,47.452858779157516,557.357],[9.062562324707333,47.446240928457776,533.374],[9.057045146655224,47.445629338214594,552.648],[9.058963497221152,47.443179416992244,552.835],[9.038104518533142,47.44144905726234,601.092],[9.038322709161843,47.437122616067875,586.553],[9.034015897248365,47.43547753804144,607.956],[9.036821674173288,47.437555398094,584.012],[9.035019390110158,47.43924868216692,578.786],[9.026477379517402,47.43722646772112,603.292],[9.022159821501027,47.44167488517428,575.253],[9.01198416094333,47.43345885492054,643.69],[8.999183647415496,47.43509450272863,746.671],[8.999864781264257,47.43213646965022,738.648],[8.987478630018495,47.42970584149715,714.496],[8.994253366062368,47.422333411497696,744.946],[8.99116493972716,47.42089725062152,635.255],[8.988733969660311,47.411261370772124,774.194],[8.976576032069296,47.410673881092784,753.717],[8.972174874523327,47.40432219120129,638.826],[8.975668705036735,47.399237670692635,657.826],[8.966356986660564,47.385702054847435,991.015],[8.957450113877611,47.38643130544869,873.464],[8.954933496980392,47.38148238943798,857.774],[8.943535280111858,47.375915301398564,990.742],[8.940130825109923,47.37975400074026,823.068],[8.943674418964406,47.384125017882575,780.156],[8.94155662717929,47.387315113521026,751.8],[8.920822178067581,47.399464201196245,686.402],[8.903475874930523,47.402054955899956,652.569],[8.913938467408745,47.41827374067989,823.378],[8.911161153089875,47.42357171354651,802.891],[8.914623075557454,47.42772522005262,834.637],[8.90775469895888,47.43133073042766,829.081],[8.911321581276596,47.43376936881812,835.196],[8.930042890977466,47.431587715166636,716.675],[8.93272694727997,47.435541597763205,768.477],[8.921654569281124,47.43487681683061,794.221],[8.906825813533365,47.43878825618587,805.548],[8.902662369612884,47.44424095480627,814.803],[8.908815398558984,47.44833759625451,810.365],[8.89544731834993,47.45972616001595,605.932],[8.89073474188251,47.469302698655625,599.285],[8.884315433990583,47.46967176783748,602.05],[8.884724030593404,47.47346895583614,582.747],[8.880993645262253,47.47475294752792,581.559],[8.884880875359004,47.477015252319624,561.49],[8.88530499335219,47.481707941798746,581.87],[8.897705094419157,47.48510969489459,547.818],[8.892815604705069,47.488414495656926,563.658],[8.892589258012658,47.49751560652923,514.155],[8.897112323598147,47.50500808587118,507.602],[8.895310384274621,47.519247715386136,531.613],[8.89834384053155,47.5241715645585,537.938],[8.883456039125274,47.52941509248629,527.96],[8.880407978070407,47.52702742693025,536.309],[8.840773902392286,47.53270813998448,545.53],[8.839945249341092,47.53933173261062,467.95],[8.834417712898516,47.54290750934227,431.019],[8.82789675644709,47.555980421955994,408.549],[8.851098320590868,47.56080373360006,411.773],[8.85097783633127,47.56360760717529,388.342],[8.84429702595084,47.56325127457822,386.063],[8.844849523653243,47.56613575730475,381.424],[8.839199302103383,47.56534972369415,380.655],[8.837808213775164,47.56859170058714,380.106],[8.838816098550785,47.571194008329336,379.584]],[[9.353863808714266,47.51180998480519,462.33],[9.358381371813088,47.50836047620772,479.402],[9.359100801339958,47.510531432719645,464.154],[9.354338756535308,47.51191039055419,464.601],[9.353863808714266,47.51180998480519,462.33]]],[[[9.47843126377731,47.49031814818747,395.46],[9.464384265427402,47.484143320233656,403.991],[9.465735080460716,47.48801131394628,405.121],[9.449432084190152,47.49219518989745,407.014],[9.448475664836412,47.50073359852484,398.379],[9.457563406560531,47.50725050809678,395.46],[9.483546499069563,47.493765614281294,395.46],[9.47843126377731,47.49031814818747,395.46]]]]}},{"type":"Feature","properties":{"uuid":"{F06DD902-ABC6-4331-81F5-19B85D091E5E}","datum_aenderung":"2016-12-09T00:00:00","datum_erstellung":"2012-10-26T00:00:00","erstellung_jahr":2012,"erstellung_monat":10,"grund_aenderung":"Verbessert","herkunft":"swisstopo","herkunft_jahr":2017,"herkunft_monat":1,"revision_jahr":2022,"revision_monat":1,"revision_qualitaet":"2021_Aufbau","objektart":"Kanton","kantonsnummer":5,"see_flaeche":5654.0,"kantonsflaeche":90788.0,"name":"Schwyz","icc":"CH","einwohnerzahl":162157},"geometry":{"type":"MultiPolygon","coordinates":[[[[8.571049221040221,46.99015533346395,433.54],[8.542698089337193,46.97959141274214,433.54],[8.496631326713485,46.97642805429716,433.54],[8.465236934180778,46.984270220471885,433.492],[8.468167134868137,46.99652358135024,433.336],[8.483124268938813,46.99674974737853,560.821],[8.509050038279304,47.00449521061025,1451.985],[8.513547757623675,47.01255659648761,1236.849],[8.513497160686866,47.021687916435255,1543.712],[8.500610485946565,47.02468641904759,1647.23],[8.469932142478058,47.04748079509999,1630.015],[8.445925118962704,47.05826417394037,824.164],[8.441387343681244,47.06308757194909,583.863],[8.430243365741669,47.065419049269984,433.492],[8.399241966730916,47.05944950572792,452.577],[8.390525175572503,47.06132814685158,552.47],[8.388922610687583,47.07038274710059,588.126],[8.40648469494594,47.07889867255895,605.306],[8.410687642928455,47.08593821349009,557.66],[8.409399837325976,47.09271124130778,603.03],[8.420417838301715,47.10167371201368,621.926],[8.437368387679674,47.10625691713513,470.72],[8.437500001537598,47.10931122123844,450.465],[8.448297253953452,47.111201163116846,427.973],[8.450007214537886,47.11442478079095,425.563],[8.464348514407968,47.11096632145957,462.534],[8.47366659061222,47.112207456583405,497.286],[8.476270389772676,47.10613691827318,413.693],[8.521944673144928,47.089859326352496,413.63],[8.544209914928723,47.09445549691745,865.121],[8.56246859173424,47.09375154708927,1223.387],[8.56488342667782,47.08726231319895,1394.829],[8.562507135707769,47.082901059735335,1535.255],[8.56567448360843,47.08103065353251,1545.107],[8.590109375051188,47.086403643421335,1548.51],[8.593789559855509,47.090620453528516,1502.04],[8.607459902838599,47.09199600540062,1339.702],[8.60870915186603,47.09445083825491,1402.247],[8.641352873009424,47.09438526193262,766.55],[8.659783038811039,47.11091998123057,1067.829],[8.659811692264542,47.11467789268951,1052.254],[8.671828171740174,47.11568422112529,908.497],[8.670733417500252,47.11912112676825,905.605],[8.681794827182078,47.12502170718008,900.723],[8.687524548116983,47.134550604884595,892.429],[8.684782559737572,47.14192576306039,877.193],[8.690581976052355,47.1478247017303,861.291],[8.701168865487963,47.1509447465334,847.731],[8.691358888300341,47.16901744591702,1029.708],[8.683107374631748,47.17349405954908,825.054],[8.680365305989316,47.17898936585851,764.514],[8.681074422221053,47.18407064802793,658.83],[8.694193106154433,47.19635741340864,560.614],[8.702340774291681,47.19796141469509,499.94],[8.704052965347334,47.20230060266752,444.682],[8.710099002649509,47.200421211945944,500.756],[8.740535640015981,47.2115782641589,405.83],[8.793380840455296,47.222562855055145,405.83],[8.808608785276737,47.220087908412104,405.83],[8.826041745976209,47.210418933831164,405.83],[8.841164101348275,47.20817090628817,405.83],[8.936732447339617,47.21794153113706,405.83],[8.96904985435233,47.217347908398374,406.768],[8.974302870399404,47.21280105078568,407.276],[8.96922182264304,47.21182778996315,407.886],[8.965339403296085,47.19815993143036,407.883],[8.957491499444428,47.19943996070284,408.461],[8.96198553919089,47.17946017769338,410.018],[8.97036935747345,47.17880466233896,409.352],[8.973968108101827,47.182286741977805,410.429],[8.982423431717585,47.183015277766465,410.586],[9.004725044408286,47.173259819545045,413.939],[8.967394947954416,47.136633343079524,1485.406],[8.969301299384602,47.13050492625125,1534.249],[8.96517986817439,47.12205150280119,1526.042],[8.973693837104314,47.115097591975776,1586.988],[8.96924698046004,47.10868126146513,1506.395],[8.971277940630602,47.104637770962036,1854.125],[8.959695723017028,47.100207996958105,1911.524],[8.953875654109899,47.09148521524444,2031.54],[8.975993208564962,47.085706566092085,2072.068],[8.960831269145626,47.07625220781492,2079.417],[8.96177065447523,47.07137348827797,1903.447],[8.951107476337263,47.06085125468405,1986.036],[8.94807294256728,47.0493571951933,2213.236],[8.922005682536147,47.03829331763447,1991.339],[8.90314548534746,47.03853758944165,1872.485],[8.900523978309161,47.0355386000795,1789.231],[8.90361641462549,47.027259643367195,1517.499],[8.892991812299579,47.023638612949476,1287.145],[8.91048495027215,47.01704459249613,1416.199],[8.91162918640419,47.0087675586716,1600.086],[8.918875756515515,47.00155464652481,1584.515],[8.928660959832527,46.99733088687191,1562.704],[8.93767479530909,46.98642227077924,1720.999],[8.941504042334037,46.987588980658785,1540.615],[8.940916708782282,46.984714101882304,1735.234],[8.932251815654205,46.98230416854978,1890.383],[8.945701569266557,46.96715982684623,2802.795],[8.949851722935291,46.96953056435869,2736.738],[8.955674852382305,46.962947735052616,2456.288],[8.97164098300241,46.95986189263412,2430.467],[8.96236815621709,46.95381386565704,2138.701],[8.955328123719271,46.938921196116134,1902.655],[8.964004193628224,46.92901626267884,1968.694],[8.962867449776125,46.92653687398227,2241.295],[8.948196235929379,46.92538514952915,2716.848],[8.907458516850213,46.90747552825271,2573.301],[8.88697658046026,46.90235518141601,2409.354],[8.874431540007294,46.89497476630574,2305.21],[8.861839375543834,46.89474136349722,2059.003],[8.853616059615263,46.88528368264462,2173.651],[8.847843248467521,46.89099383868472,1802.695],[8.848812009331537,46.9127697703207,1165.826],[8.836124528805204,46.907677925764716,1596.223],[8.82778797055207,46.919344634246926,1696.462],[8.83008015208295,46.93046306468842,1466.577],[8.82677305148446,46.935712397771645,1426.676],[8.810704524032959,46.94145280546519,1635.896],[8.787749550076223,46.93035442560421,1848.636],[8.777845449756926,46.93313369482113,1481.86],[8.770929009543062,46.94150113884793,1279.973],[8.737429819478747,46.93237937162238,2366.139],[8.717678073379133,46.91848857175259,2378.818],[8.707748220571474,46.91716499590802,2461.249],[8.698561583468255,46.92428898401084,2097.471],[8.696540087718043,46.928799419060816,1907.584],[8.699809394978073,46.93480354433574,1781.306],[8.692961940509711,46.94697764214665,1224.833],[8.669578000007233,46.94407078755448,1037.508],[8.622403972224548,46.952730080748225,495.64],[8.604402718183273,46.95196449898147,433.452],[8.601188224169434,46.975234673160934,433.398],[8.603148518917422,46.98683803598206,433.54],[8.582424895783424,46.99340702970427,433.54],[8.571049221040221,46.99015533346395,433.54]]]]}},{"type":"Feature","properties":{"uuid":"{1581348F-0FAF-44B1-A462-0550A3DE2B9E}","datum_aenderung":"2015-12-08T00:00:00","datum_erstellung":"2012-10-26T00:00:00","erstellung_jahr":2012,"erstellung_monat":10,"grund_aenderung":"Verbessert","herkunft":"AV","herkunft_jahr":2015,"herkunft_monat":12,"revision_jahr":2022,"revision_monat":1,"revision_qualitaet":"2021_Aufbau","objektart":"Kanton","kantonsnummer":26,"see_flaeche":0.0,"kantonsflaeche":83851.0,"name":"Jura","icc":"CH","einwohnerzahl":73709},"geometry":{"type":"MultiPolygon","coordinates":[[[[7.174508536431335,47.29416398994096,940.97],[7.163387693712611,47.29308715682264,974.025],[7.169356802991828,47.2908549414683,1007.02],[7.164685557882104,47.288599202586454,1030.3],[7.17023805448085,47.283950727622475,1010.56],[7.168678292707213,47.27472775157429,1042.753],[7.14873700594481,47.2690413932503,1040.26],[7.145665229476101,47.26532171731379,1059.842],[7.14897043428372,47.26219205085539,1030.764],[7.143105288765899,47.259482717977384,983.816],[7.142769326473815,47.25574798125495,1045.9],[7.151469681494643,47.25551077008651,1036.223],[7.14920457070892,47.253857469944855,1071.924],[7.155787265853002,47.247545806169875,1120.867],[7.13975980202409,47.24318493658621,1171.386],[7.103360811690471,47.24310997535467,1031.256],[7.096217129670594,47.23703396181866,1023.335],[7.088406881541697,47.23701587470915,1009.264],[7.085722987018935,47.239974979127076,1008.664],[7.088819100145804,47.241573430551036,1013.595],[7.085182775687966,47.24538033213925,1019.34],[7.079595975163401,47.243408998634436,1001.688],[7.079524587940994,47.247764470218954,1007.738],[7.059826658444517,47.24280241242358,1003.913],[7.056292504401186,47.23781837483047,1020.244],[7.058671632867756,47.23119020570359,1002.109],[7.04690083595596,47.22671360347923,985.577],[7.023450362634328,47.19570592525804,1106.908],[6.996427161658679,47.19333425542625,1029.674],[6.986714503393234,47.1774900140283,1114.676],[6.980769806041867,47.17428767882072,1087.497],[6.97051728841598,47.18133573172274,1038.902],[6.956114986590589,47.180655579279005,1010.159],[6.95216172230091,47.18735124524235,1044.452],[6.941423570495946,47.18453384820798,1045.58],[6.938203381222605,47.17516158015964,999.045],[6.929886931832006,47.1693569218034,1028.461],[6.906093854350562,47.15715140975039,1049.65],[6.883722714314363,47.15040946332138,917.563],[6.871969944595294,47.17412114879496,958.244],[6.860895780895472,47.16551657735141,612.25],[6.844527732161729,47.16675883790306,609.381],[6.840750161518326,47.17074258514935,613.745],[6.864007398842354,47.18042655331227,567.305],[6.867278058057627,47.185343156032054,555.977],[6.873874139573965,47.18530704480507,559.398],[6.874057236774604,47.190991565531945,542.991],[6.880698294214413,47.20054992190228,543.665],[6.909961760221523,47.218192314996735,537.399],[6.923822270162091,47.2220988146797,537.399],[6.927927465845126,47.22866614133965,507.947],[6.940835861102365,47.23153474914554,506.542],[6.943129052260483,47.237909792713204,504.712],[6.955666452084934,47.24310316083267,503.464],[6.947349910666272,47.25071461783952,492.165],[6.952009210241489,47.269901097405786,488.194],[6.941017385120591,47.28669015293775,484.607],[6.949018084342226,47.29159681061814,483.833],[6.973685269808534,47.29131731615033,481.863],[6.976427117776703,47.296304511525534,480.212],[6.995976302043625,47.29572359137018,478.572],[7.003713752836338,47.30158092231723,477.432],[7.007564716036061,47.301009685024624,476.904],[7.016187152764963,47.314676202538614,846.053],[7.012993864255074,47.320200357194516,893.516],[7.009297843350907,47.32030932538,890.182],[7.009990998746014,47.32452662389577,855.976],[7.033848357971602,47.32831099551123,879.9],[7.045644272903025,47.32649568766174,893.849],[7.056961302018885,47.3344028336032,839.977],[7.052934023638349,47.33668793947654,757.465],[7.06238940751293,47.34410520872642,416.613],[7.04988402155784,47.347710003848796,417.256],[7.052818854596129,47.351547484401756,556.946],[7.049393539716709,47.36185014411861,712.732],[7.034840576942586,47.36334677148488,829.555],[7.034079249977642,47.369667366999856,902.057],[7.015568861003751,47.37291899260309,827.958],[6.99637995085011,47.36361337961389,916.694],[6.974588581351699,47.360144583714124,832.096],[6.933111919610747,47.35844831196786,615.281],[6.924077506954799,47.35517998209456,645.197],[6.902770679987436,47.35956572763429,716.789],[6.879293023385258,47.35257609111273,712.379],[6.884923437369679,47.367430271515566,655.915],[6.883599354016236,47.37286552345208,607.533],[6.895095208262267,47.38170754561734,673.628],[6.905121290553823,47.38252500970598,660.105],[6.913506854835672,47.38808704068244,584.559],[6.909310533383986,47.396095987409865,503.12],[6.915489965671445,47.39715751351351,538.461],[6.91777117778837,47.403183698731524,550.649],[6.913251475990853,47.40457650903238,549.253],[6.938434146239866,47.40608133352875,578.857],[6.94154718572417,47.415703652204094,584.292],[6.940303425678472,47.43332276359343,606.158],[6.963711425630406,47.43579408768963,579.236],[6.970286394188387,47.44711045416899,608.611],[6.990192814396536,47.44798027300888,574.633],[7.002182006912581,47.454163655388754,529.254],[6.9975401896458,47.45642916312548,551.584],[7.001286187154668,47.46192109699808,519.039],[7.000484837016659,47.46720171519808,542.17],[6.991704979446225,47.46639983155501,513.292],[6.992991416553113,47.47113211397625,502.253],[6.986440894921219,47.47633083385243,485.378],[6.988649365490636,47.48689834799085,431.128],[6.98269831409151,47.49393756585201,397.374],[7.014744686194361,47.50330399912408,387.759],[7.024934145781654,47.50429335867733,420.52],[7.036941512927531,47.497514431758376,497.691],[7.060764971588909,47.495387484222974,431.046],[7.07206852056276,47.49237635578263,436.012],[7.074852183481467,47.48818905365164,449.467],[7.094228369136767,47.495441095658585,497.489],[7.112525355973582,47.495108800051355,532.95],[7.128002351098885,47.50387915366013,493.461],[7.150421425122692,47.49731855391702,489.391],[7.162279471404432,47.49000419584795,476.003],[7.201119503899016,47.49422875673743,410.423],[7.202986742946602,47.49139892825547,414.024],[7.190861203420697,47.48851029290027,445.766],[7.17749616895123,47.4680542624351,440.01],[7.178334355879378,47.458551350165024,447.137],[7.170203531540206,47.44298282876933,521.158],[7.192519797838844,47.43900639602013,515.559],[7.195796345808921,47.43542389176201,568.901],[7.20668819721213,47.43484994992771,737.17],[7.222925534213668,47.43982438696082,723.173],[7.233445683980872,47.43862449078312,724.568],[7.23888094976119,47.43329221260983,733.667],[7.23902599888747,47.42852044842687,692.335],[7.245780080228752,47.42653257640095,638.736],[7.246551430243478,47.42034096363897,597.265],[7.269701996923681,47.42700101448792,557.14],[7.281907066438777,47.43481235759096,541.184],[7.292657035590811,47.43336489293325,530.719],[7.302400483671144,47.43864886132613,519.735],[7.327253114018953,47.440049410939125,499.441],[7.326209578709571,47.43205630575397,522.656],[7.340005528023108,47.429783696868014,600.268],[7.344181668633611,47.424422748296195,632.188],[7.358003111806712,47.41816156049014,779.641],[7.357302106677784,47.41500977250775,852.982],[7.384060421603354,47.412364516849486,716.477],[7.38869921718153,47.4030233362409,744.295],[7.395925812374062,47.403387236323645,725.301],[7.398940817689061,47.396843182280676,386.617],[7.414507425373791,47.39429866433408,382.574],[7.416280047225521,47.38481036851715,633.5],[7.411667577357809,47.38059005936731,807.587],[7.437329610233493,47.380892549265994,785.497],[7.436132148697333,47.37811328561705,897.818],[7.440178107020275,47.38027893884213,874.572],[7.463280567395107,47.370304089927494,879.303],[7.523729736883382,47.37207409688496,857.905],[7.52175204920896,47.3651520177718,844.019],[7.533225091402213,47.36220956786982,862.613],[7.533825962899137,47.35965877087936,904.47],[7.539654418101542,47.36011691110132,875.62],[7.541454686743044,47.355738369091,911.639],[7.536870257500498,47.350192671098206,1065.859],[7.538904769897322,47.34762947970543,1039.629],[7.552206431482123,47.34531278173315,1072.773],[7.549961951684333,47.34086117952885,1023.962],[7.534475947474948,47.33454943389636,798.509],[7.527758139605365,47.322676420014716,1151.913],[7.558346056654735,47.32236543959395,1141.197],[7.523459706634567,47.31424411799538,1033.474],[7.496045153673336,47.302119469476295,726.47],[7.486374115114018,47.30213416390098,1068.818],[7.47604338866246,47.30707073398191,1142.539],[7.421345688710872,47.30683269517815,1247.144],[7.413005179698654,47.30998313181179,1053.702],[7.411717718764088,47.31331098973563,923.72],[7.378641373025515,47.31497567939808,707.93],[7.364710994592011,47.30918876945742,1007.872],[7.337512399898644,47.30591307279921,1088.635],[7.31696602596941,47.29038236075608,1099.371],[7.279226986238752,47.28422835920697,1118.238],[7.210312456170985,47.288809184153,1010.245],[7.206210702202641,47.291987780503675,971.115],[7.209179365940293,47.29470885430698,922.533],[7.205998955844081,47.29547025215434,933.766],[7.174635631515829,47.294075535595134,951.801],[7.174508536431335,47.29416398994096,940.97]]]]}},{"type":"Feature","properties":{"uuid":"{A633EA6B-EA4F-4510-A2B2-477BE4A8E794}","datum_aenderung":"2018-11-22T00:00:00","datum_erstellung":"2012-10-26T00:00:00","erstellung_jahr":2012,"erstellung_monat":10,"grund_aenderung":"Verbessert","herkunft":"AV","herkunft_jahr":2019,"herkunft_monat":1,"revision_jahr":2022,"revision_monat":1,"revision_qualitaet":"2021_Aufbau","objektart":"Kanton","kantonsnummer":24,"see_flaeche":8542.0,"kantonsflaeche":80216.0,"name":"Neuch\u00e2tel","icc":"CH","einwohnerzahl":175894},"geometry":{"type":"MultiPolygon","coordinates":[[[[6.527535589029141,46.858708956187265,1448.136],[6.482107067792006,46.846593170336156,1203.369],[6.466520981948082,46.847833498971646,1114.27],[6.465362511473183,46.8508335946313,1068.591],[6.460032261557643,46.8513035855994,1084.35],[6.464618774855187,46.890355973961576,1180.253],[6.457925089419914,46.90078561026611,926.841],[6.435884596430324,46.92163797558533,1200.758],[6.432689907070142,46.92868309504578,1162.833],[6.453533938678491,46.93874154022352,1143.607],[6.477747948688806,46.96177760250142,1198.225],[6.496484310089185,46.97414470744492,1195.081],[6.504807072530471,46.96569387751251,1210.67],[6.573178949802232,46.98241752085151,1219.367],[6.593111509074963,46.99180467852383,1241.571],[6.617973787136625,46.99164707784864,1165.943],[6.633576874781241,46.9981511712374,1086.322],[6.640355804206558,47.00281185758383,1075.546],[6.659196308853316,47.02734328840777,1174.842],[6.677219897260686,47.03530525737746,1261.592],[6.696540350464101,47.03730705197852,1128.014],[6.719171129979341,47.05118302522606,923.286],[6.708806153456115,47.058061778189966,783.042],[6.700386732538076,47.059340436407105,756.087],[6.691507123903968,47.066674540237244,745.413],[6.706239645848131,47.07420529390448,737.758],[6.707536255634276,47.07945379095035,737.15],[6.702729012989091,47.08213946777443,737.15],[6.725874487794928,47.09193959274575,692.85],[6.731991994360506,47.089465519188415,692.85],[6.741570262133282,47.0909270649348,692.85],[6.74672905882014,47.097815913233866,692.85],[6.740543337424288,47.10962286510298,646.934],[6.74684375176319,47.109990242407946,642.357],[6.764713397777466,47.12038416741039,625.583],[6.806045688012507,47.13071209996294,616.068],[6.808077983344718,47.13536910326072,616.042],[6.815714980490201,47.13592102034938,616.02],[6.828353570214017,47.14649325314304,616.025],[6.839316168125126,47.1499764430786,616.07],[6.840386541675938,47.15389568115839,616.124],[6.84990186540595,47.1564390580592,608.798],[6.858594880566454,47.165507948394264,608.872],[6.861491459790075,47.1656345211982,609.891],[6.88880184838984,47.131132527004624,1069.445],[6.880998389627392,47.108393268204495,1085.13],[6.871789014968162,47.102862824337734,1075.708],[6.866861678142372,47.085119523981064,1134.693],[6.915725599997778,47.10378587194827,1137.063],[6.929826952881857,47.112598553394946,1118.628],[6.939904131896765,47.10915921680487,1262.268],[6.995957996714561,47.118889423646806,1172.704],[7.00775555938368,47.12422949434511,1155.341],[7.025587772226723,47.12413766887898,1438.742],[7.031075361756663,47.12731723465122,1404.89],[7.039964297858335,47.12465202631406,1541.96],[7.023505177697199,47.11220491009452,1478.586],[7.028728904524813,47.10367506500721,1104.944],[7.040608423443002,47.109006451116215,1088.829],[7.057140806493244,47.09968508347224,831.475],[7.075677631231888,47.09626381708187,801.06],[7.086821125433262,47.085699214562055,805.079],[7.087054339152895,47.081551433963476,854.788],[7.077004112067591,47.07595932883227,739.514],[7.080516615270978,47.07320931986991,721.492],[7.081761295251653,47.064602438289604,440.408],[7.087653811557878,47.05973771405689,429.19],[7.066085938835664,47.045317639867285,429.309],[7.052220396526115,47.04298341744872,429.311],[7.040358157639658,47.03696924111734,429.303],[7.033484697138359,47.03033703439701,429.335],[7.033285068182155,47.015890747816805,429.381],[7.025108894211808,47.006068468927005,429.348],[7.040344175546143,46.97952312050509,429.284],[7.002427430299338,46.98690914622224,429.25],[6.928196307678074,46.95339791830918,429.258],[6.896230270678378,46.92548617984695,429.25],[6.865690140811739,46.90957515176269,429.25],[6.779825783191221,46.85296088608456,429.25],[6.75525943426474,46.8704591311344,430.05],[6.740000672552208,46.871980467693945,607.587],[6.732508268892453,46.86830884714745,613.727],[6.740686083131563,46.88332595037031,632.949],[6.738005419275754,46.8845629675586,630.867],[6.740108131020479,46.89481295056476,694.898],[6.716701226037724,46.90607693613712,1328.259],[6.723703191076553,46.93111843646447,1432.587],[6.720827567293763,46.93609007572599,1412.931],[6.668517912160221,46.920560380525316,1070.712],[6.64722451407508,46.910701740487134,1099.363],[6.627105512287209,46.88870616578397,1268.577],[6.61463474956816,46.88890783619435,1139.109],[6.574803595897687,46.8804809168641,1293.023],[6.537763474231009,46.86684901545526,1403.824],[6.527769349141201,46.858701538329896,1452.048],[6.527535589029141,46.858708956187265,1448.136]]]]}},{"type":"Feature","properties":{"uuid":"{DF94DB80-AADE-4B0C-91C2-26BA907753FD}","datum_aenderung":"2020-11-19T00:00:00","datum_erstellung":"2012-10-26T00:00:00","erstellung_jahr":2012,"erstellung_monat":10,"grund_aenderung":"Verbessert","herkunft":"AV","herkunft_jahr":2020,"herkunft_monat":4,"revision_jahr":2022,"revision_monat":1,"revision_qualitaet":"2021_Aufbau","objektart":"Kanton","kantonsnummer":11,"see_flaeche":0.0,"kantonsflaeche":79046.0,"name":"Solothurn","icc":"CH","einwohnerzahl":277462},"geometry":{"type":"MultiPolygon","coordinates":[[[[7.648628816455624,47.21097231453167,461.34],[7.651226625596061,47.206705704788945,475.154],[7.647231231831594,47.201784976173634,468.807],[7.662335297882493,47.2009622971544,463.501],[7.674634713775535,47.190901395952615,497.995],[7.671105814193298,47.184524124460054,492.923],[7.677993707180075,47.18192840288431,471.939],[7.672866558297128,47.16839692823917,469.688],[7.660086008771744,47.16840514157204,467.29],[7.651655932444119,47.16159290036566,467.239],[7.651324178430307,47.15007910139802,466.357],[7.645106852608632,47.14892291172069,464.361],[7.63996063158718,47.153560697579536,477.277],[7.624587292320435,47.152459317656316,461.727],[7.615536452306819,47.15657666835813,458.182],[7.607853466067287,47.15285184424503,462.284],[7.592444144175047,47.152678508104835,464.02],[7.586144456757348,47.14754811782458,466.859],[7.581057437715997,47.16013291591814,459.883],[7.574912904930167,47.164451102978276,455.402],[7.567325946038713,47.163190187766645,455.587],[7.563471611594059,47.168357113674695,453.066],[7.544336326921181,47.16036751968163,493.396],[7.540675324568078,47.163637112398575,460.648],[7.525772882480565,47.162208197991696,464.401],[7.520337816417516,47.15889106178783,504.357],[7.529754968951841,47.14873996471922,460.333],[7.523425748898172,47.14583921518234,460.708],[7.509719123559625,47.125541912536626,462.689],[7.492320731264957,47.11708723721881,463.337],[7.461328677291499,47.10823533941068,464.844],[7.464240887855219,47.09904902556576,471.495],[7.474800637688181,47.08621844909921,501.773],[7.466564644043101,47.07866388875138,515.864],[7.445863048460662,47.07434383923175,546.206],[7.440450509767123,47.07450577314013,546.975],[7.435418402541755,47.080168320143365,550.967],[7.432881065215025,47.08797896136954,498.094],[7.437430246223546,47.09420792993058,482.602],[7.434002932891318,47.100502747365645,466.438],[7.390109044566548,47.09225124531892,476.774],[7.389448117878991,47.0951355074301,536.614],[7.382029784260466,47.09574253229973,541.94],[7.379238533830868,47.10620898663725,503.85],[7.36970764447446,47.11595733035539,447.18],[7.371973069207645,47.11734493206822,448.563],[7.37049492618811,47.120934744837164,460.667],[7.386746586331899,47.1259007014925,468.682],[7.389974385309746,47.119521381347084,503.512],[7.394997759317913,47.1216988241552,509.827],[7.403751898581415,47.11767911742693,526.863],[7.42902984622509,47.1243729602294,544.106],[7.440182789098675,47.12373079222036,606.477],[7.433263308818828,47.126176540375475,579.076],[7.435407072637941,47.131278131665276,587.602],[7.430653607392274,47.1292416625296,551.258],[7.421796556006921,47.13586395445415,540.454],[7.426634331906147,47.14110269623474,545.364],[7.439617223819365,47.14399223946808,549.486],[7.43995459550658,47.15049986840647,555.356],[7.447787218961029,47.155084018041805,553.878],[7.472811535360223,47.15256417443167,502.446],[7.492692224050699,47.163269414950946,557.52],[7.490196338560303,47.16576763420532,556.452],[7.497042535626488,47.17009063910717,556.018],[7.486415553397315,47.173602340451836,536.928],[7.480500471905744,47.171741514334485,541.202],[7.478516846339113,47.17753174912469,506.1],[7.4708585617656,47.1813276713074,454.769],[7.475197730228259,47.18302520964365,456.791],[7.472610453902633,47.18554971051965,438.613],[7.476585668766299,47.188094537077326,432.554],[7.475726833850575,47.190652070690945,426.387],[7.449768099796834,47.18957278698416,426.504],[7.44762997504668,47.181087689804926,426.421],[7.44182513546319,47.179235086998,426.527],[7.437431983590396,47.185036665692664,426.709],[7.433289237497182,47.18473072860434,426.531],[7.431588503020224,47.176055377178656,426.482],[7.418399110758372,47.17115786771466,426.771],[7.411817810287449,47.16242510031416,426.701],[7.384248350247082,47.16012902971371,427.881],[7.382179096883977,47.16512274398807,427.033],[7.39191523515268,47.16627805720923,428.788],[7.383518016077733,47.1803051393148,448.196],[7.365465431601577,47.19445656963314,618.954],[7.354484375781856,47.19153566044086,698.524],[7.340417035115255,47.21757403661051,1211.524],[7.362238150277103,47.21961161868612,1243.492],[7.374497711224852,47.22685342023491,1333.0],[7.415486863879389,47.24021519069008,1065.989],[7.420878152199067,47.24289482788997,1225.807],[7.416186115746823,47.25059687350033,982.719],[7.417369808347158,47.253799267579545,1241.541],[7.441011293081028,47.26292335172875,1201.485],[7.465850128979471,47.26465686839052,723.688],[7.478548194896487,47.27888248480749,1205.952],[7.494681187363941,47.288232249649695,1046.208],[7.532868908386843,47.294537046347166,1174.936],[7.546945108926534,47.30608473385544,1194.254],[7.54833871131364,47.31635942024053,1036.066],[7.570953301422044,47.3263138298571,1190.395],[7.571919456581824,47.32934839492531,1179.14],[7.560463784865661,47.342494944337346,928.869],[7.538904769897322,47.34762947970543,1039.629],[7.536870257500498,47.350192671098206,1065.859],[7.541454686743044,47.355738369091,911.639],[7.539654418101542,47.36011691110132,875.62],[7.533825962899137,47.35965877087936,904.47],[7.533225091402213,47.36220956786982,862.613],[7.52175204920896,47.3651520177718,844.019],[7.523729736883382,47.37207409688496,857.905],[7.463280567395107,47.370304089927494,879.303],[7.440178107020275,47.38027893884213,874.572],[7.436132148697333,47.37811328561705,897.818],[7.439044181392577,47.38601697113117,818.475],[7.44361530691139,47.38897253282764,579.678],[7.441339671740653,47.398188965355715,422.036],[7.443332364488528,47.40229872199986,376.878],[7.447833001840758,47.39954219205695,373.592],[7.450803088542798,47.400925616749106,372.837],[7.44971785486745,47.40362787510097,370.699],[7.454231942528237,47.404184355251786,369.452],[7.457639483052883,47.401214587078435,367.557],[7.477380222785166,47.401206224315175,362.526],[7.479105699404348,47.38974286066674,416.497],[7.502261610825742,47.384810975630266,646.566],[7.521371923963438,47.39120614362665,505.486],[7.53117851381887,47.403529047439186,406.527],[7.525241370767295,47.41163698192734,389.336],[7.580747721803759,47.414707728393495,468.773],[7.568232374340218,47.42238313200173,393.025],[7.568885972395392,47.43690469523461,325.667],[7.5784296352276,47.43491064901566,539.072],[7.581213309035815,47.42878457424414,547.083],[7.59207555281193,47.432715683265734,574.631],[7.615805212682228,47.43275165894732,564.82],[7.616471028788636,47.445238497858696,629.303],[7.62217995154767,47.461956444007804,524.009],[7.626078870295604,47.4629180647791,465.801],[7.604501338945465,47.47044982566392,297.238],[7.60815551479432,47.47521804878462,294.193],[7.60564686988465,47.47920115590028,287.238],[7.608843382239252,47.48339731941963,287.596],[7.607306349567559,47.489402845012926,283.524],[7.640972704780963,47.48273839041077,606.941],[7.655932783966969,47.487398909937326,617.175],[7.650520679879147,47.488265260850525,589.348],[7.655396569061547,47.49020987370118,597.318],[7.648653288724429,47.49183448186493,570.276],[7.65217817402782,47.495818802146594,588.648],[7.666128062869168,47.496872542701915,628.322],[7.668333588089874,47.486350958833846,653.077],[7.69976796952005,47.48063672076484,486.786],[7.709880628618421,47.469393632346,356.176],[7.699931933739976,47.46193208490118,374.565],[7.698251357112289,47.45534974540058,386.633],[7.684860439046197,47.447847279759316,434.466],[7.682978975060673,47.438725890427285,446.585],[7.68658547040454,47.43366761216494,495.764],[7.679808433691862,47.41751742535263,616.508],[7.664061152433602,47.41002337129394,719.55],[7.632729134002937,47.41003461462698,757.408],[7.637257400500059,47.38607187002617,914.15],[7.633323236736515,47.38291726782485,849.629],[7.641767291072115,47.380472599915514,1024.423],[7.644209563054019,47.367211367767815,744.091],[7.701960302835489,47.372450049659605,946.605],[7.727920480506145,47.368861608664965,1000.696],[7.742826617545183,47.34971004790885,844.426],[7.754198910206232,47.343174563043895,904.599],[7.76642572234223,47.34273707669908,739.791],[7.768969692161754,47.33891651138677,673.548],[7.793567418443467,47.339054577685,790.967],[7.796372825591084,47.35347262824034,869.042],[7.802173097810614,47.36109781675491,990.829],[7.830554044351584,47.36512336004686,968.667],[7.840125830285643,47.37476524893848,965.848],[7.862657053753446,47.381986957407825,773.758],[7.878819133965342,47.383512389264894,776.321],[7.879441693923904,47.38799559319321,697.158],[7.869143557607274,47.395516303718175,794.556],[7.877709705642263,47.40125914322003,952.759],[7.883449986430312,47.401207055069335,957.212],[7.883338909060765,47.40609943011313,909.5],[7.890228580478388,47.407143122372446,755.277],[7.90974494560958,47.39852291518349,929.344],[7.93266914078032,47.405276952883696,802.349],[7.936730165914833,47.40805944179899,901.298],[7.934935528730882,47.41176897782753,927.803],[7.938882680685338,47.41364532902886,903.893],[7.955045894959677,47.415607733708676,791.364],[7.961840346066991,47.42183627137113,914.281],[7.950040444714226,47.431718486354775,877.365],[7.951947668658408,47.43278607899506,848.087],[7.946793133274184,47.44319559460998,653.155],[7.957857765113722,47.45128164538484,551.044],[7.956241326965631,47.45493032993528,542.604],[7.96072696656365,47.455467865829654,474.197],[7.968292703042554,47.46281049246058,447.155],[7.974294470866006,47.459550144243174,545.298],[7.974887140736762,47.452003876570224,695.682],[7.981005841842797,47.44848246160475,676.455],[7.987280142801454,47.42874539828175,780.955],[7.98547468651367,47.42276579665554,708.393],[7.982712891798482,47.42833451076279,856.97],[7.963208032676505,47.42235658701153,900.777],[8.007270981825572,47.406587412128374,424.75],[8.010464963916268,47.39513329553919,383.759],[8.026570563975728,47.395623873923746,373.219],[8.031376242858268,47.38368698170285,378.938],[8.027206412886855,47.369719276206055,437.742],[8.010482639701836,47.356952047695486,493.409],[8.011825619440817,47.349816700284585,512.329],[8.003845604555018,47.34531589817722,489.117],[8.007364828761222,47.33930515631077,463.476],[8.005199593958194,47.33675279191173,448.534],[7.990953587339406,47.33281102724208,445.548],[7.97651171465168,47.32344468403781,475.348],[7.947977991196677,47.31714441109616,432.202],[7.947838728512984,47.33251823006832,641.102],[7.919216438414276,47.33395242057862,624.023],[7.907813004241292,47.34172079234271,388.852],[7.896856331975641,47.32765976959363,389.883],[7.898102352200448,47.31982616460972,391.008],[7.889105214614768,47.31148965243013,392.262],[7.87396219441922,47.311791389482785,398.054],[7.861261064107135,47.306235511560985,398.099],[7.841812067210674,47.27447248957628,398.758],[7.816648430008232,47.26167296345938,400.709],[7.80704720591915,47.2632565010444,401.497],[7.802830387845609,47.268410259150926,402.014],[7.786153363141911,47.25610022507938,403.372],[7.775812528024233,47.26144106350596,434.571],[7.774607415482223,47.267871414046404,427.8],[7.764841778405222,47.26668900869585,429.806],[7.756825017654181,47.258097328085725,440.199],[7.732673362548331,47.25911559575593,493.28],[7.717517621095893,47.27512164217004,455.3],[7.712340095943294,47.27377008929272,456.452],[7.700856081112578,47.286548069835746,521.926],[7.684774921554293,47.293994433871205,1033.479],[7.677183863750479,47.289114588589854,1062.784],[7.648280339359223,47.281992373004385,1229.697],[7.580111405441958,47.27635125868552,1178.175],[7.593703101706587,47.26622275552971,827.036],[7.597728556611948,47.2541358010809,633.369],[7.595943635414068,47.24557169813012,483.906],[7.609509781298888,47.23954720106312,442.997],[7.619115149752674,47.22905351102731,419.079],[7.626185274496999,47.22631692152401,422.536],[7.640560913818876,47.22979690995447,421.005],[7.643950561891183,47.225448183668846,422.167],[7.63918256620994,47.223387840469776,421.652],[7.648471777912012,47.21895492590213,436.548],[7.645948196972524,47.215021625517906,449.648],[7.648311455724061,47.21122111754061,461.641],[7.648628816455624,47.21097231453167,461.34]]],[[[7.48453155583926,47.457215974940056,788.296],[7.454817211132442,47.449235069419586,747.93],[7.445219367198429,47.46238258960628,460.519],[7.455741980111952,47.47338120566213,450.63],[7.448407309519631,47.473791740398646,387.758],[7.44361580819468,47.478518928432685,377.725],[7.429396244617058,47.48294531201552,383.592],[7.42082131025349,47.48037117713361,428.518],[7.434989042354283,47.49810590383556,473.928],[7.450833759276519,47.49031719227106,373.17],[7.462388879594346,47.48905684168742,354.535],[7.470763689589023,47.480738602542374,561.831],[7.47707936144251,47.48007740319954,582.367],[7.487626244200976,47.482139387902286,540.576],[7.493799477180608,47.488416282428446,531.551],[7.502454836183574,47.49077425801814,370.806],[7.501143658450292,47.493519982765704,381.375],[7.511072761597934,47.49703174624602,372.023],[7.508760738017863,47.50234727878343,329.952],[7.511670558148539,47.50270073441468,330.449],[7.514761449584268,47.4977743818381,368.445],[7.531794686575738,47.49740362975623,345.633],[7.536701857056847,47.485056232012795,322.566],[7.527450923438114,47.47391065122713,470.851],[7.53068469542688,47.46119287228622,764.188],[7.484728426245614,47.45739788351005,788.952],[7.48453155583926,47.457215974940056,788.296]]],[[[7.375951384321791,47.414103859075865,714.644],[7.382105614922577,47.433047492475886,472.835],[7.403052981433646,47.43548550336656,779.399],[7.403209447289633,47.43868231228008,741.878],[7.420909739832011,47.44594864582261,820.819],[7.425426486960492,47.443286734179026,796.798],[7.437846361906188,47.44633032520491,797.249],[7.455591856352397,47.42792485463534,394.24],[7.448412741563113,47.41506969124268,577.262],[7.443763037463994,47.41344814805417,629.643],[7.427488910488631,47.41448470774493,725.708],[7.413713620082927,47.41093350656621,661.202],[7.376591403213047,47.41402757995856,715.575],[7.375951384321791,47.414103859075865,714.644]]],[[[7.700804269117331,47.16177700352305,479.783],[7.690158414311004,47.152558817007396,488.809],[7.674428470264555,47.15397289262909,518.02],[7.678171863626827,47.16169762103482,503.572],[7.685371684190233,47.166300979712524,517.796],[7.696960468092252,47.1619161990873,485.113],[7.700804269117331,47.16177700352305,479.783]]]]}},{"type":"Feature","properties":{"uuid":"{5AB3C7C0-CAA5-4B89-8712-E77E2A06F4D9}","datum_aenderung":"2016-12-09T00:00:00","datum_erstellung":"2012-10-26T00:00:00","erstellung_jahr":2012,"erstellung_monat":10,"grund_aenderung":"Verbessert","herkunft":"swisstopo","herkunft_jahr":2017,"herkunft_monat":1,"revision_jahr":2022,"revision_monat":1,"revision_qualitaet":"2021_Aufbau","objektart":"Kanton","kantonsnummer":8,"see_flaeche":461.0,"kantonsflaeche":68531.0,"name":"Glarus","icc":"CH","einwohnerzahl":40851},"geometry":{"type":"MultiPolygon","coordinates":[[[[9.15680737776734,46.873930206386646,3027.414],[9.146611425789546,46.87117656238204,2998.276],[9.14055655848536,46.86183751677196,2829.702],[9.111326607375494,46.85037719915163,2624.723],[9.104866153024007,46.852471176213356,2500.969],[9.103615141558269,46.85969087032418,2495.518],[9.094679925844337,46.86758099385098,2721.936],[9.094941705005667,46.87086873541316,2787.012],[9.07640275230164,46.87519023396021,2675.133],[9.061148270798693,46.87381676309148,2990.727],[9.045366045626658,46.86526207652742,3101.23],[9.045967367369169,46.85020611046329,3076.102],[9.037588568603814,46.84511086897466,2904.686],[9.03440731310931,46.835341641331794,2895.917],[9.027394950163938,46.82993061454234,2641.751],[9.019980714789325,46.817324484860016,2746.061],[9.009020409959064,46.811178180903255,2640.003],[8.953402932291892,46.805012076650584,3262.738],[8.928285429659118,46.79646758887893,3354.488],[8.914066747982984,46.80060811005318,3409.367],[8.914865795403973,46.81114946516082,3605.079],[8.875927397061014,46.815015643110286,2984.821],[8.880169654274207,46.82007649195243,2939.604],[8.881642786397904,46.82906802825966,2935.273],[8.871236720202052,46.842031637475486,3267.56],[8.89566854795994,46.8495680936419,3069.072],[8.909254428997869,46.86097455726113,2848.55],[8.917817652384672,46.860477103652734,2972.727],[8.933383529352572,46.86533754789017,2668.254],[8.955921022183542,46.87532850318185,1988.469],[8.95781000095932,46.87949783285986,1609.152],[8.953416435323609,46.90069025908005,1602.128],[8.943570791305422,46.90616062556792,1304.572],[8.935383730594525,46.919850935383394,2609.17],[8.948196235929379,46.92538514952915,2716.848],[8.96319198387275,46.92672341017593,2179.464],[8.955328123719271,46.938921196116134,1902.655],[8.96236815621709,46.95381386565704,2138.701],[8.97164098300241,46.95986189263412,2430.467],[8.955674852382305,46.962947735052616,2456.288],[8.949851722935291,46.96953056435869,2736.738],[8.945701569266557,46.96715982684623,2802.795],[8.932251815654205,46.98230416854978,1890.383],[8.940916708782282,46.984714101882304,1735.234],[8.941504042334037,46.987588980658785,1540.615],[8.93767479530909,46.98642227077924,1720.999],[8.928660959832527,46.99733088687191,1562.704],[8.918875756515515,47.00155464652481,1584.515],[8.91162918640419,47.0087675586716,1600.086],[8.91048495027215,47.01704459249613,1416.199],[8.892991812299579,47.023638612949476,1287.145],[8.90361641462549,47.027259643367195,1517.499],[8.900523978309161,47.0355386000795,1789.231],[8.90314548534746,47.03853758944165,1872.485],[8.922005682536147,47.03829331763447,1991.339],[8.94807294256728,47.0493571951933,2213.236],[8.951107476337263,47.06085125468405,1986.036],[8.96177065447523,47.07137348827797,1903.447],[8.960831269145626,47.07625220781492,2079.417],[8.975993208564962,47.085706566092085,2072.068],[8.953875654109899,47.09148521524444,2031.54],[8.959695723017028,47.100207996958105,1911.524],[8.971277940630602,47.104637770962036,1854.125],[8.96924698046004,47.10868126146513,1506.395],[8.973693837104314,47.115097591975776,1586.988],[8.96517986817439,47.12205150280119,1526.042],[8.969301299384602,47.13050492625125,1534.249],[8.967394947954416,47.136633343079524,1485.406],[9.005598462712296,47.17398741415951,411.788],[9.068129760506958,47.129967673008544,418.708],[9.10132826350717,47.13325164842959,419.69],[9.135923530756498,47.13197790789428,419.69],[9.189879213867615,47.1236972843247,419.69],[9.190020907797946,47.109917620049536,530.822],[9.18625204851201,47.09991658767394,891.563],[9.19123183517995,47.09095794587473,1560.977],[9.188788964479745,47.08547606927595,1745.801],[9.19203268262856,47.07351767689279,1387.081],[9.190299552065618,47.069889109696085,1520.693],[9.183754773547319,47.0596244701996,2002.119],[9.174536204566396,47.05292299556697,2242.526],[9.153362825816059,47.047269558447276,2138.212],[9.138068567748725,47.03913245699949,2292.735],[9.165673320376483,47.02687832086891,2296.37],[9.175215494290985,47.028805576088786,2488.1],[9.180527358307728,47.02592028498727,2468.988],[9.208295522695007,47.03575791433006,2241.318],[9.221944757319081,47.03258158528309,2450.419],[9.236357829296063,47.02398109420712,2501.04],[9.242700843237817,47.01519096401841,2209.161],[9.242825295172105,47.0072598388415,2289.121],[9.249882347407093,46.995212125048894,2485.331],[9.24555928128822,46.99219643864926,2314.738],[9.243637499450363,46.982375196091944,2275.61],[9.246806770846137,46.97563857220792,2230.548],[9.242744490760595,46.96578603927183,2304.495],[9.246072729716209,46.958744836914036,2585.542],[9.236758674130122,46.9545639717085,2535.659],[9.236307867353897,46.94484761741042,2248.363],[9.239137449532931,46.93938330645722,2445.467],[9.250263347872153,46.93462664984827,2518.679],[9.252586031412587,46.9270285261313,2935.792],[9.248861771649613,46.91607572461397,3000.879],[9.240207946333632,46.90818465845286,3097.919],[9.226600145963966,46.90559697769039,2725.945],[9.21797230002545,46.894775065588526,2800.852],[9.19992146376027,46.88064681567401,2818.447],[9.18824101729434,46.87643028770084,2716.238],[9.15301262461393,46.87983190330539,3015.944],[9.15680737776734,46.873930206386646,3027.414]]]]}},{"type":"Feature","properties":{"uuid":"{F78C655C-6AE1-49EA-BA30-575F195C8AEC}","datum_aenderung":"2015-12-08T00:00:00","datum_erstellung":"2012-10-26T00:00:00","erstellung_jahr":2012,"erstellung_monat":10,"grund_aenderung":"Verbessert","herkunft":"AV","herkunft_jahr":2015,"herkunft_monat":12,"revision_jahr":2022,"revision_monat":1,"revision_qualitaet":"2021_Aufbau","objektart":"Kanton","kantonsnummer":13,"see_flaeche":0.0,"kantonsflaeche":51767.0,"name":"Basel-Landschaft","icc":"CH","einwohnerzahl":290969},"geometry":{"type":"MultiPolygon","coordinates":[[[[7.462443612341076,47.45144699167678,769.544],[7.496961737525991,47.4596594274709,818.217],[7.53068469542688,47.46119287228622,764.188],[7.527450923438114,47.47391065122713,470.851],[7.536332231740305,47.48383734958519,326.121],[7.536236766034934,47.491057372125574,336.372],[7.532609400793506,47.49097363628693,339.917],[7.531794686575738,47.49740362975623,345.633],[7.512231613671732,47.49892160368438,359.262],[7.509354264518644,47.50888995409153,371.628],[7.499088033844192,47.51628325774304,389.366],[7.49787610403671,47.52125284127824,411.141],[7.502283740027956,47.51491174049472,372.333],[7.517465006636782,47.51728618744441,371.188],[7.522191849326702,47.51420117604019,414.291],[7.531230914520556,47.52816406676018,376.408],[7.519359626869429,47.53472312144957,364.824],[7.508213134278869,47.52816572869212,380.712],[7.501015324766011,47.529059903404224,403.908],[7.499180706511999,47.54011792849757,323.986],[7.505460538528287,47.54438741749246,312.702],[7.51676418572715,47.54541367904366,333.208],[7.554659565096775,47.56436668448972,275.255],[7.564584745537516,47.557041270876795,276.628],[7.561249922977648,47.55172801336344,278.333],[7.558758968293964,47.55235853731942,277.091],[7.555888356234769,47.54434076514631,289.266],[7.564791673389823,47.54569139943425,282.512],[7.587269624467178,47.54190578479989,281.534],[7.582787223499465,47.53198395365504,355.986],[7.589489200010924,47.527928036263845,363.144],[7.59025492444219,47.51979461415458,358.365],[7.594788317073672,47.51929731119876,333.977],[7.613582614472436,47.5391309993689,272.439],[7.622310757165151,47.5397777033117,254.357],[7.622887372432467,47.54995623029039,250.452],[7.61777810510683,47.55432521353868,248.542],[7.617624444058927,47.55865372324479,245.303],[7.631524690461719,47.56165391329051,254.151],[7.675201668895376,47.53367972720717,254.364],[7.695309160709897,47.53258519131915,254.511],[7.713528500079383,47.539643904910356,260.822],[7.715964647247566,47.53582642936494,260.821],[7.723631274708532,47.53675863220646,270.549],[7.727165424781393,47.532934988965295,279.992],[7.733230148320509,47.53275910888063,288.587],[7.737982399776538,47.527329358911096,298.149],[7.78764190102298,47.52012116007831,379.256],[7.790151733840376,47.51864529246683,387.78],[7.788878069689704,47.5068332101638,501.497],[7.792807371209785,47.50068815648117,550.21],[7.78663318231573,47.49312517941732,527.372],[7.7988981287849,47.49565522590677,450.115],[7.798170788106348,47.49940323502235,427.694],[7.807426130728851,47.49714217452133,560.792],[7.831984844815911,47.514740306634934,426.429],[7.835302554701979,47.531764195273816,434.175],[7.833216411484409,47.533827704589555,447.984],[7.85731867394924,47.53321468585024,523.179],[7.862578238735766,47.52692381904489,596.179],[7.86396581083299,47.51931262377595,555.244],[7.876667803159634,47.52269375820476,580.833],[7.87568016827238,47.51319635780691,565.955],[7.893874328475884,47.50619244944086,637.121],[7.904778278608923,47.49217771702802,580.19],[7.904830954878644,47.484911926754116,536.439],[7.933297453904724,47.481410275231354,685.932],[7.947024465017725,47.48489253546097,692.59],[7.940036698064435,47.46202355254682,631.2],[7.948863262964418,47.463782019086985,627.7],[7.95762303986022,47.45880881229266,580.086],[7.957857765113722,47.45128164538484,551.044],[7.946793133274184,47.44319559460998,653.155],[7.951947668658408,47.43278607899506,848.087],[7.950040444714226,47.431718486354775,877.365],[7.961840346066991,47.42183627137113,914.281],[7.955045894959677,47.415607733708676,791.364],[7.934935528730882,47.41176897782753,927.803],[7.936730165914833,47.40805944179899,901.298],[7.93266914078032,47.405276952883696,802.349],[7.90974494560958,47.39852291518349,929.344],[7.890228580478388,47.407143122372446,755.277],[7.883338909060765,47.40609943011313,909.5],[7.883449986430312,47.401207055069335,957.212],[7.877709705642263,47.40125914322003,952.759],[7.869143557607274,47.395516303718175,794.556],[7.879441693923904,47.38799559319321,697.158],[7.878819133965342,47.383512389264894,776.321],[7.862657053753446,47.381986957407825,773.758],[7.840125830285643,47.37476524893848,965.848],[7.830554044351584,47.36512336004686,968.667],[7.802173097810614,47.36109781675491,990.829],[7.796372825591084,47.35347262824034,869.042],[7.793567418443467,47.339054577685,790.967],[7.785294630816217,47.3378846241402,791.515],[7.768969692161754,47.33891651138677,673.548],[7.76642572234223,47.34273707669908,739.791],[7.751525548021283,47.34432998916308,1036.943],[7.734159820070829,47.35776344582122,1113.488],[7.727920480506145,47.368861608664965,1000.696],[7.701960302835489,47.372450049659605,946.605],[7.644209563054019,47.367211367767815,744.091],[7.641767291072115,47.380472599915514,1024.423],[7.633323236736515,47.38291726782485,849.629],[7.637257400500059,47.38607187002617,914.15],[7.632729134002937,47.41003461462698,757.408],[7.664061152433602,47.41002337129394,719.55],[7.679808433691862,47.41751742535263,616.508],[7.68658547040454,47.43366761216494,495.764],[7.682978975060673,47.438725890427285,446.585],[7.684860439046197,47.447847279759316,434.466],[7.698251357112289,47.45534974540058,386.633],[7.699931933739976,47.46193208490118,374.565],[7.709880628618421,47.469393632346,356.176],[7.69976796952005,47.48063672076484,486.786],[7.668333588089874,47.486350958833846,653.077],[7.666128062869168,47.496872542701915,628.322],[7.65217817402782,47.495818802146594,588.648],[7.648653288724429,47.49183448186493,570.276],[7.655396569061547,47.49020987370118,597.318],[7.650520679879147,47.488265260850525,589.348],[7.655932783966969,47.487398909937326,617.175],[7.640972704780963,47.48273839041077,606.941],[7.607306349567559,47.489402845012926,283.524],[7.608843382239252,47.48339731941963,287.596],[7.60564686988465,47.47920115590028,287.238],[7.60815551479432,47.47521804878462,294.193],[7.604501338945465,47.47044982566392,297.238],[7.626078870295604,47.4629180647791,465.801],[7.62217995154767,47.461956444007804,524.009],[7.616471028788636,47.445238497858696,629.303],[7.615805212682228,47.43275165894732,564.82],[7.59207555281193,47.432715683265734,574.631],[7.581213309035815,47.42878457424414,547.083],[7.5784296352276,47.43491064901566,539.072],[7.568885972395392,47.43690469523461,325.667],[7.568232374340218,47.42238313200173,393.025],[7.580747721803759,47.414707728393495,468.773],[7.525241370767295,47.41163698192734,389.336],[7.53117851381887,47.403529047439186,406.527],[7.518622726400626,47.38822704924608,631.644],[7.511301659910181,47.38974770562058,585.27],[7.502261610825742,47.384810975630266,646.566],[7.492333405166648,47.38523588495662,671.675],[7.478765685589686,47.390080401133105,404.747],[7.477380222785166,47.401206224315175,362.526],[7.457639483052883,47.401214587078435,367.557],[7.454231942528237,47.404184355251786,369.452],[7.44971785486745,47.40362787510097,370.699],[7.449648800186404,47.39980217809144,373.335],[7.443457899373024,47.402322957396436,377.844],[7.441316972670726,47.4001830228961,379.652],[7.44361530691139,47.38897253282764,579.678],[7.437329610233493,47.380892549265994,785.497],[7.411667577357809,47.38059005936731,807.587],[7.416280047225521,47.38481036851715,633.5],[7.414597279178026,47.394221513557746,382.704],[7.398940817689061,47.396843182280676,386.617],[7.395925812374062,47.403387236323645,725.301],[7.38869921718153,47.4030233362409,744.295],[7.384060421603354,47.412364516849486,716.477],[7.375951384321791,47.414103859075865,714.644],[7.413713620082927,47.41093350656621,661.202],[7.427488910488631,47.41448470774493,725.708],[7.447496704889074,47.414488358540304,580.467],[7.455591856352397,47.42792485463534,394.24],[7.45117289148366,47.434634062455046,552.544],[7.437846361906188,47.44633032520491,797.249],[7.423448700285837,47.443609539287614,785.717],[7.420909739832011,47.44594864582261,820.819],[7.424456263227152,47.44991925603978,735.904],[7.422423121534655,47.450720967326546,719.04],[7.428801386495099,47.453883915898594,630.095],[7.430034181834997,47.45949619395123,527.609],[7.445770521094533,47.46197731964026,466.563],[7.454817211132442,47.449235069419586,747.93],[7.461661604566392,47.45115417026751,763.003],[7.462443612341076,47.45144699167678,769.544]]],[[[7.363085520128712,47.41469410166151,838.305],[7.357302106677784,47.41500977250775,852.982],[7.358003111806712,47.41816156049014,779.641],[7.344181668633611,47.424422748296195,632.188],[7.340005528023108,47.429783696868014,600.268],[7.326209578709571,47.43205630575397,522.656],[7.327253114018953,47.440049410939125,499.441],[7.338701517687767,47.44120810168014,490.481],[7.347067952483623,47.43550093292932,480.813],[7.382808257289134,47.431169464532445,461.754],[7.375951384321791,47.414103859075865,714.644],[7.365292306304106,47.41439006230859,826.45],[7.363085520128712,47.41469410166151,838.305]]]]}},{"type":"Feature","properties":{"uuid":"{A0B4BCED-C1F9-47C6-831F-54282BFBA3CE}","datum_aenderung":"2015-12-08T00:00:00","datum_erstellung":"2012-10-26T00:00:00","erstellung_jahr":2012,"erstellung_monat":10,"grund_aenderung":"Verbessert","herkunft":"AV","herkunft_jahr":2015,"herkunft_monat":12,"revision_jahr":2022,"revision_monat":1,"revision_qualitaet":"2021_Aufbau","objektart":"Kanton","kantonsnummer":6,"see_flaeche":996.0,"kantonsflaeche":49058.0,"name":"Obwalden","icc":"CH","einwohnerzahl":38108},"geometry":{"type":"MultiPolygon","coordinates":[[[[8.070491486338081,46.87756079139004,1453.038],[8.067003825741319,46.88782691138635,1899.991],[8.069829720752578,46.89572930427042,2039.831],[8.082599211333708,46.89917596848024,1919.599],[8.089117329240215,46.90914958826623,1871.982],[8.09478611899893,46.91197732124663,1806.902],[8.108547958621221,46.90827709574981,1466.17],[8.106435954111216,46.89844331359066,1499.594],[8.111269760568579,46.89273266411353,1684.527],[8.13466015477062,46.92225437706405,1745.534],[8.16375419212274,46.937669404340326,1664.821],[8.163155427565366,46.94206197040128,1540.307],[8.153497032335125,46.94995402160543,1529.576],[8.15000993759403,46.95692962497188,1711.259],[8.164539503575217,46.96466743107006,1922.057],[8.187341441164993,46.971746758692,1916.366],[8.202250884404995,46.966979416412904,1728.876],[8.227036295720799,46.96922808145967,2036.477],[8.229872146236293,46.973729333995735,1963.604],[8.24411921782855,46.97429947800511,2054.527],[8.254255776319782,46.980116137231704,2096.833],[8.281864791537007,46.975809869444994,1220.247],[8.305501062894985,46.97660920159597,918.792],[8.310975893074074,46.96898029156671,433.451],[8.30616970156582,46.95571974876125,434.291],[8.30991443410317,46.952220421844075,794.505],[8.298645039325923,46.946219917064674,693.204],[8.288294095739152,46.93388627716451,597.831],[8.309643625140215,46.92430476148289,647.803],[8.338127875447148,46.92931338579208,1862.747],[8.341237474518797,46.926188905782915,1788.194],[8.338396229766364,46.91836762991379,1392.429],[8.34348051294929,46.914899996216164,1422.216],[8.336294189478398,46.90303248036821,1521.34],[8.33814193195189,46.89069346984469,1935.1],[8.32837824245947,46.87797625757531,2034.559],[8.334557104559506,46.86124299762241,2081.476],[8.327913600621164,46.84687263946473,1871.731],[8.332262736418015,46.833654107502035,2348.447],[8.335943255177233,46.83310873703652,2322.898],[8.335220817234477,46.828432126229956,2264.92],[8.322143081771957,46.8202182433097,2199.049],[8.343293478934866,46.8045329817848,2678.818],[8.344349420357716,46.79997895505413,2651.607],[8.369244136629318,46.78872008862511,2594.201],[8.359922321278225,46.782964619669436,2421.611],[8.331889546978667,46.779911418935356,2015.872],[8.283491688059767,46.75316946432211,2255.555],[8.268694834791571,46.75430641059557,2484.829],[8.259385204082463,46.763812541829886,2459.003],[8.240291707059736,46.76950169749874,2328.063],[8.233546479655159,46.761726318174055,2099.246],[8.221976490949821,46.761064364098516,2027.913],[8.20800326721792,46.76945632776946,2120.165],[8.196309740038144,46.76792771624231,1957.997],[8.189797263391545,46.77031483438843,2035.742],[8.172104353814655,46.764135394452694,1467.617],[8.167939443433669,46.76535300800956,1350.446],[8.146947528771891,46.754836713568864,1091.016],[8.121831845173098,46.77037268999181,1367.386],[8.102353406057937,46.77379989225857,1949.583],[8.090045244300219,46.78764299430322,2204.964],[8.046943399664732,46.78711485065273,2348.866],[8.05609762100029,46.792947492875705,2128.805],[8.054889909359584,46.79864004452664,1838.245],[8.063868634798927,46.802980941132645,1353.025],[8.064489439400269,46.80806370397758,1241.574],[8.042202441529291,46.8364875288763,1941.195],[8.0457653380294,46.8441778827937,1768.952],[8.055987295715115,46.849302805955965,1442.504],[8.05894567674842,46.85343375986631,1342.633],[8.057520674391338,46.85748578661529,1271.273],[8.065684108680172,46.85960314744544,1551.417],[8.065985053473748,46.8669733833919,1466.962],[8.071598105998373,46.873718041539085,1594.238],[8.070149256764559,46.87690598549286,1457.842],[8.070491486338081,46.87756079139004,1453.038]]],[[[8.506886580426245,46.845476045503375,2886.526],[8.504373227924567,46.841178515637516,2810.238],[8.488968103903822,46.83565613215606,2654.583],[8.486315185720981,46.83203693865637,2594.375],[8.48368685188409,46.81986997354762,2703.879],[8.478134402232255,46.81371842066862,2627.579],[8.483237909862526,46.8087552726785,2100.288],[8.481977054287416,46.80325913117598,1809.967],[8.472318905418946,46.79937332885125,1752.169],[8.464272591865337,46.800534417657296,1743.012],[8.471326686264259,46.7955265313479,1425.571],[8.481136573489863,46.798424134445064,1594.139],[8.481939444948262,46.79389349198206,1248.598],[8.478557097765968,46.78927161153305,1479.143],[8.488295070732713,46.78146404551896,2471.291],[8.491439466179445,46.772527078415116,2857.819],[8.47578607166238,46.767891723285324,2904.988],[8.460359069661136,46.76910047120335,2806.691],[8.448325875175321,46.763420922656195,2946.414],[8.446623813143079,46.770264605885366,2650.223],[8.435498501730352,46.77250594831718,3211.768],[8.422676909403123,46.77043024236361,2971.254],[8.41463987416324,46.7743198745541,2731.249],[8.396393776610402,46.765497320091335,2964.531],[8.395229649486458,46.771514553811485,2563.712],[8.416580028359416,46.77839239551833,2456.62],[8.426414246472257,46.77444854883861,2878.069],[8.426343989999541,46.77725494103846,2888.753],[8.419548767043457,46.78907040372399,2444.893],[8.396540147598984,46.79545187107811,1661.836],[8.384813051743754,46.80368913998662,1829.148],[8.3878111327943,46.812562798642645,1241.445],[8.373853566539886,46.816216397451285,1126.432],[8.377555548087711,46.8234887260207,901.298],[8.370613482532388,46.83602060178526,694.47],[8.36831482128693,46.84976095022465,621.083],[8.370823509016791,46.85950795800902,585.997],[8.363916459286148,46.859484596124744,653.102],[8.361313112117488,46.86251568306886,735.116],[8.364130666228345,46.86732956969037,696.524],[8.369359431523138,46.867612867762844,569.212],[8.372733505008975,46.87418157351441,556.431],[8.37957237736628,46.874121601069234,647.89],[8.384677118601305,46.86597485431179,961.557],[8.375062831826044,46.85799349699683,806.833],[8.374779857944944,46.847912143519174,743.48],[8.381339638548527,46.856582694508354,1193.529],[8.384277309637685,46.85442546954227,1187.709],[8.39870934718916,46.8647326646759,1632.021],[8.412829173568598,46.869844071086966,1943.396],[8.418803633388794,46.86275786995997,2317.76],[8.420189468069127,46.8519828625432,2583.684],[8.429998787059166,46.850226473850974,2541.887],[8.480053714257068,46.857247669021866,2781.485],[8.4901993319142,46.85303676041859,2588.926],[8.497875179759133,46.85372614810986,2818.244],[8.506813679607284,46.845476681321315,2885.959],[8.506886580426245,46.845476045503375,2886.526]]]]}},{"type":"Feature","properties":{"uuid":"{E62B8D02-0D76-4D8D-B602-3AEAEEEF2BB5}","datum_aenderung":"2016-12-09T00:00:00","datum_erstellung":"2012-10-26T00:00:00","erstellung_jahr":2012,"erstellung_monat":10,"grund_aenderung":"Verbessert","herkunft":"swisstopo","herkunft_jahr":2017,"herkunft_monat":1,"revision_jahr":2022,"revision_monat":1,"revision_qualitaet":"2021_Aufbau","objektart":"Kanton","kantonsnummer":7,"see_flaeche":3450.0,"kantonsflaeche":27585.0,"name":"Nidwalden","icc":"CH","einwohnerzahl":43520},"geometry":{"type":"MultiPolygon","coordinates":[[[[8.470844264523041,46.85484958007255,2801.06],[8.439120381196206,46.85352508306873,2518.753],[8.429998787059166,46.850226473850974,2541.887],[8.420189468069127,46.8519828625432,2583.684],[8.418803633388794,46.86275786995997,2317.76],[8.412829173568598,46.869844071086966,1943.396],[8.39870934718916,46.8647326646759,1632.021],[8.384277309637685,46.85442546954227,1187.709],[8.381339638548527,46.856582694508354,1193.529],[8.374779857944944,46.847912143519174,743.48],[8.375062831826044,46.85799349699683,806.833],[8.384677118601305,46.86597485431179,961.557],[8.380231655422607,46.87037302366749,649.688],[8.382017419783766,46.87199208850843,658.186],[8.373416185983029,46.87449387915931,555.458],[8.369359431523138,46.867612867762844,569.212],[8.364130666228345,46.86732956969037,696.524],[8.361468671172835,46.86221341422622,726.96],[8.370823509016791,46.85950795800902,585.997],[8.36831482128693,46.84976095022465,621.083],[8.370613482532388,46.83602060178526,694.47],[8.377555548087711,46.8234887260207,901.298],[8.373853566539886,46.816216397451285,1126.432],[8.3878111327943,46.812562798642645,1241.445],[8.384813051743754,46.80368913998662,1829.148],[8.396540147598984,46.79545187107811,1661.836],[8.419548767043457,46.78907040372399,2444.893],[8.42638255520986,46.77714669178022,2852.917],[8.426414246472257,46.77444854883861,2878.069],[8.416580028359416,46.77839239551833,2456.62],[8.395229649486458,46.771514553811485,2563.712],[8.391165018536062,46.77779651903635,2293.171],[8.382324613493811,46.780187314624115,2309.261],[8.377357193553605,46.78582300411295,2518.992],[8.344349420357716,46.79997895505413,2651.607],[8.343293478934866,46.8045329817848,2678.818],[8.322143081771957,46.8202182433097,2199.049],[8.335220817234477,46.828432126229956,2264.92],[8.335943255177233,46.83310873703652,2322.898],[8.332262736418015,46.833654107502035,2348.447],[8.327913600621164,46.84687263946473,1871.731],[8.334557104559506,46.86124299762241,2081.476],[8.32837824245947,46.87797625757531,2034.559],[8.33814193195189,46.89069346984469,1935.1],[8.336294189478398,46.90303248036821,1521.34],[8.34348051294929,46.914899996216164,1422.216],[8.338396229766364,46.91836762991379,1392.429],[8.341237474518797,46.926188905782915,1788.194],[8.338127875447148,46.92931338579208,1862.747],[8.309643625140215,46.92430476148289,647.803],[8.288294095739152,46.93388627716451,597.831],[8.298645039325923,46.946219917064674,693.204],[8.30991443410317,46.952220421844075,794.505],[8.30616970156582,46.95571974876125,434.291],[8.310975893074074,46.96898029156671,433.451],[8.307170734220907,46.97591712311128,958.904],[8.281841925088093,46.97581170150982,1218.952],[8.260862710552185,46.98036410377557,1950.083],[8.254255776319782,46.980116137231704,2096.833],[8.24411921782855,46.97429947800511,2054.527],[8.22888271511171,46.973146486670984,1922.462],[8.218102391168081,46.98109420489212,1081.094],[8.228069935149072,46.99261545228838,1014.012],[8.237717911571186,46.991831522001256,1330.381],[8.243972478492934,46.986015304943486,1442.399],[8.265499691656917,46.998181845046396,1226.143],[8.288865093162133,46.99459261525099,920.014],[8.294791712497313,46.998145904855775,734.148],[8.318852541087994,46.99956573542827,433.443],[8.334454719403986,46.989009920077,433.54],[8.368514028577092,47.01995384887523,433.54],[8.383798919450715,47.0177149851354,433.54],[8.382699251220043,47.00137741335097,500.231],[8.385585879462186,46.99831866971195,919.756],[8.396352803725184,47.000871844507344,1114.867],[8.426013356454005,46.998141068277796,765.542],[8.427985387780105,47.017207566155484,433.424],[8.469069312981789,47.00928943352347,433.54],[8.465236934180778,46.984270220471885,433.492],[8.496631326713485,46.97642805429716,433.54],[8.542698089337193,46.97959141274214,433.54],[8.571049221040221,46.99015533346395,433.54],[8.574534701292901,46.98235078944801,497.525],[8.562217659727013,46.972922213740745,750.158],[8.560243117649781,46.96558260756444,960.803],[8.554830369916115,46.96264029132964,890.202],[8.555638848229572,46.94111329652683,1663.253],[8.558826330251113,46.94040288834833,1578.46],[8.543581389135724,46.93934929652839,1516.909],[8.547681690815097,46.934816903082364,1784.503],[8.544059726704763,46.927859665226606,2117.023],[8.519840550456875,46.922840527252305,1887.984],[8.515332594659029,46.91798039424909,1996.2],[8.502787568875359,46.91442616798584,2060.89],[8.498117003477637,46.918755256077134,2156.99],[8.486096785764005,46.91847257837225,2184.194],[8.481267730789229,46.90852952135632,2289.95],[8.464271643868907,46.9047352309909,2220.409],[8.45830729759707,46.89877546461077,2403.894],[8.47406501915012,46.89342808784067,2145.085],[8.479099212015987,46.88252081032514,2203.242],[8.467199585449903,46.876241880539894,2356.932],[8.47134703469415,46.868126933586666,2328.875],[8.467905731295122,46.86064198202038,2674.648],[8.470667592992086,46.85526471350707,2791.575],[8.470844264523041,46.85484958007255,2801.06]]]]}},{"type":"Feature","properties":{"uuid":"{C0A13B16-7F38-4093-AE0D-D3483C1C6C34}","datum_aenderung":"2015-12-08T00:00:00","datum_erstellung":"2012-10-26T00:00:00","erstellung_jahr":2012,"erstellung_monat":10,"grund_aenderung":"Verbessert","herkunft":"AV","herkunft_jahr":2015,"herkunft_monat":12,"revision_jahr":2022,"revision_monat":1,"revision_qualitaet":"2021_Aufbau","objektart":"Kanton","kantonsnummer":25,"see_flaeche":3669.0,"kantonsflaeche":28249.0,"name":"Gen\u00e8ve","icc":"CH","einwohnerzahl":506343},"geometry":{"type":"MultiPolygon","coordinates":[[[[5.975783254025902,46.16092015457977,347.19],[5.982006531815747,46.17329921265229,347.253],[5.988037225504045,46.170773892953484,347.426],[5.994996226838413,46.18283406229106,376.029],[5.990298166574148,46.18780376530284,415.913],[5.963727617482182,46.19700658876649,458.396],[5.973429983032856,46.20257531341206,435.14],[5.969254865331501,46.20667196378023,459.32],[5.974675423366935,46.21502656528918,465.372],[5.979172357779349,46.21725195335353,433.771],[5.992775221967872,46.21522141567361,399.367],[5.99018751679974,46.221719045973316,445.654],[6.001539241701113,46.22050014654458,401.943],[6.012956485927244,46.23104916125897,418.651],[6.02549593482618,46.23322558089145,434.438],[6.033652884773154,46.238551450056455,441.777],[6.046111359297683,46.23139362322131,442.294],[6.063345995713176,46.24580155369448,456.454],[6.06728621838589,46.241782038217956,431.544],[6.073024970572444,46.241349211457816,424.184],[6.073536285882166,46.243711912253495,428.051],[6.088056188813304,46.24712570106352,423.777],[6.101450422767519,46.2376466621769,421.947],[6.124468136996812,46.251254241515355,413.327],[6.120829504789276,46.25455570180929,407.018],[6.122754887972155,46.25645172891309,409.492],[6.11808280234402,46.2634483637887,424.563],[6.119982087965813,46.264830623590406,424.643],[6.109899343703349,46.270574643720025,456.154],[6.113514265473639,46.27255254698451,445.033],[6.103265469408968,46.27866560830293,470.14],[6.105084062301769,46.28296112629119,475.54],[6.102389888357231,46.28493988785628,481.025],[6.114075538898414,46.29471611103637,466.602],[6.11963710357332,46.29431733381443,433.973],[6.121791838898079,46.299112818244346,442.536],[6.11877039267757,46.302804031617,446.966],[6.119793446170291,46.3124875147562,455.251],[6.124339118226402,46.317278535689816,459.887],[6.140736700450035,46.304736170539535,443.012],[6.19874273388551,46.28442905481575,372.13],[6.219551060940476,46.31188448247988,372.13],[6.244700667156676,46.30404083638252,373.439],[6.249023895793611,46.301897254652836,377.393],[6.248578521421372,46.294253733223556,390.533],[6.253001768062594,46.29050321744404,399.091],[6.238001636086691,46.28212561837913,414.616],[6.237583067304269,46.27755366314847,419.644],[6.24985014713713,46.2621971565673,432.682],[6.261671551446771,46.25456127937688,453.938],[6.260151951897665,46.25167924766219,458.982],[6.266785897785987,46.247693162802555,460.966],[6.278703880360331,46.25126452087738,466.337],[6.294860843574343,46.26459234871398,455.736],[6.295016327443515,46.25605963859547,471.52],[6.30975512578953,46.25622546680568,499.458],[6.305695675011762,46.251368432561044,499.747],[6.309422069999075,46.25007715380659,514.254],[6.310282375243037,46.243975038715845,512.945],[6.294679902321879,46.22515390780968,510.095],[6.276973502077459,46.215521666968044,493.827],[6.254101571462515,46.20924071634084,462.575],[6.24955074215423,46.20498979459677,443.104],[6.234014363458839,46.20642336414257,432.225],[6.221938112937666,46.200666423310906,427.758],[6.212269840782905,46.192786911285,415.954],[6.205190420973099,46.19176274173495,412.451],[6.197851204794161,46.183401122438596,401.735],[6.187057570864969,46.1803640019747,392.542],[6.188776217671998,46.16638795432396,421.171],[6.185614358895219,46.164146176434144,427.917],[6.148641780288036,46.15008873898405,454.861],[6.144882198832083,46.14494962919511,468.454],[6.141894058191691,46.14722560165123,464.292],[6.136440499517148,46.14158945282198,482.723],[6.098493990750008,46.14381991965873,465.29],[6.091811572213839,46.15194648198493,445.542],[6.074914616682519,46.148842340934635,424.74],[6.052263180938049,46.15134290440886,451.247],[6.047614346089663,46.142201159703134,444.378],[6.039297397122213,46.13963945432241,461.256],[6.035393814910662,46.134333148832816,444.527],[6.028452160041222,46.140437517450465,416.86],[5.99410129249086,46.14456945028005,365.38],[5.983503367229174,46.14298894384394,355.19],[5.976711637919697,46.1331553563845,425.378],[5.956846346610298,46.12875677191738,339.575],[5.95590199191175,46.13235564256453,330.61],[5.966256290980093,46.13788785631195,331.209],[5.964177048418626,46.144483808254975,333.387],[5.974753948757333,46.15920796735442,334.649],[5.975783254025902,46.16092015457977,347.19]]],[[[6.193127208963626,46.34371703592415,405.654],[6.194885180530619,46.348616263555954,408.186],[6.17303843013786,46.354647091197684,463.304],[6.171101243712502,46.35840018907808,467.193],[6.18024836765802,46.36457854999747,471.851],[6.186932358217943,46.360539558131784,458.409],[6.198077716051771,46.36027850808717,437.173],[6.202062742605798,46.35476496274308,404.921],[6.241432138979665,46.34366793923875,372.13],[6.232321812064592,46.330435296256155,372.119],[6.193870931384406,46.343366107295736,403.565],[6.193127208963626,46.34371703592415,405.654]]],[[[6.184428047080724,46.34584575361271,441.454],[6.181687188409455,46.34368498849894,438.553],[6.174531588838352,46.34691921559996,459.341],[6.17130333993183,46.340565819741144,455.204],[6.166785581046582,46.34308757369111,472.609],[6.175563953847908,46.35132635274718,461.711],[6.184030079149117,46.34603296294016,441.251],[6.184428047080724,46.34584575361271,441.454]]]]}},{"type":"Feature","properties":{"uuid":"{37148FC1-F279-421F-B212-B4617507DFAD}","datum_aenderung":"2016-12-09T00:00:00","datum_erstellung":"2012-10-26T00:00:00","erstellung_jahr":2012,"erstellung_monat":10,"grund_aenderung":"Verbessert","herkunft":"swisstopo","herkunft_jahr":2017,"herkunft_monat":1,"revision_jahr":2022,"revision_monat":1,"revision_qualitaet":"2021_Aufbau","objektart":"Kanton","kantonsnummer":14,"see_flaeche":27.0,"kantonsflaeche":29842.0,"name":"Schaffhausen","icc":"CH","einwohnerzahl":83107},"geometry":{"type":"MultiPolygon","coordinates":[[[[8.7280236103713,47.6927613126562,391.116],[8.717871275376499,47.69069043165448,391.041],[8.717627232402865,47.694931940767134,417.232],[8.711395865289749,47.69632884234139,408.648],[8.7118123371747,47.70173976543123,411.327],[8.701286454345466,47.71518979841219,433.885],[8.6863332524773,47.708570175178295,437.326],[8.679933099310947,47.71055721202505,474.094],[8.681336686540268,47.71241497147044,470.164],[8.664664499087474,47.71336206072053,420.673],[8.666023207728756,47.707860316961316,474.477],[8.67357651593871,47.70488632246207,440.393],[8.676406208485986,47.69808811522774,442.254],[8.668386454976977,47.692089474165336,427.091],[8.658607906219828,47.69133893619992,436.635],[8.664052418737763,47.68814853975327,411.874],[8.663141059351808,47.685300032783275,390.84],[8.643266292149942,47.69435125819148,391.336],[8.625119412693687,47.69166965505284,383.077],[8.62633686730951,47.677822604849574,381.753],[8.619325223233089,47.675052547848054,381.43],[8.613601592452941,47.678537461523014,358.76],[8.606196095784798,47.66866307373968,414.188],[8.606613725134803,47.67214742964765,413.527],[8.597975689874794,47.67272397794457,439.679],[8.593308388518915,47.66679413869076,432.773],[8.577673483844384,47.66151703571255,443.204],[8.564754264797768,47.66526411077178,536.646],[8.563717432973055,47.670039869609035,555.533],[8.554406843439965,47.669406046426595,606.072],[8.539960848311134,47.665076575077855,591.05],[8.541645534558528,47.65679316962257,519.613],[8.534469417463667,47.65935543273609,551.694],[8.533455070489783,47.66312151078714,585.279],[8.526942826162237,47.660454794176175,588.284],[8.534621895891538,47.64969382827408,470.523],[8.53179341892387,47.64574830681529,446.269],[8.493330424041423,47.64694690887062,586.786],[8.492400725968887,47.64209297387692,515.436],[8.482804606753845,47.64409514230068,595.217],[8.480395684255843,47.64923786988995,626.592],[8.476425388372153,47.65010218292687,636.553],[8.473076576958007,47.64827431368868,633.481],[8.477717103284721,47.644655396537495,603.625],[8.47103781309079,47.6423518760775,598.311],[8.478049419134669,47.639766901361824,567.423],[8.47350340249113,47.638404610376,482.215],[8.467110680969798,47.64154124763447,478.119],[8.463728667235017,47.648464014668896,459.193],[8.465972244471264,47.65724776443789,400.944],[8.457288730121096,47.6527356081437,423.961],[8.445119431481352,47.65386208392387,408.141],[8.423645876434842,47.666862029251874,466.265],[8.412212353753421,47.66632939673129,502.038],[8.40635909071336,47.67622692139396,500.069],[8.420789633427617,47.683869953218114,564.768],[8.411981788903917,47.694406170487014,496.372],[8.404644718101668,47.698033027009444,409.163],[8.41712328302085,47.7101826338213,418.456],[8.441666556602616,47.71789449790469,515.955],[8.440187612319564,47.7197448269649,455.709],[8.445341141386907,47.72306730202439,539.595],[8.454944942062047,47.722452793672836,499.574],[8.457125514985291,47.73016351239999,526.16],[8.452630312077186,47.73084525205816,540.489],[8.450776375825319,47.74016176941038,557.365],[8.45584836357413,47.74279698724539,523.816],[8.457136467482165,47.749939283337206,448.288],[8.466188475712302,47.75332100000293,453.436],[8.472483528191654,47.76343704457895,458.102],[8.484949010984959,47.771384270283036,465.193],[8.496481047389166,47.77089820144458,551.932],[8.510313474714305,47.77619732550672,657.054],[8.520205190460429,47.770522076292934,528.379],[8.526477398611657,47.7780088171743,554.119],[8.552920163679852,47.7846321287563,803.89],[8.563313585956324,47.78057136438582,900.182],[8.562889338542737,47.77789322684086,893.59],[8.577330730949429,47.78166606095879,861.813],[8.574958091553713,47.78962377304331,860.489],[8.561996246709107,47.79259558167073,803.544],[8.563070084768544,47.80378257509068,788.253],[8.568027948399815,47.80845448996701,821.456],[8.573099845752214,47.80606677762355,749.197],[8.575396956567685,47.79959838453585,693.604],[8.58774602119069,47.802654370590936,773.634],[8.59286231458619,47.79870551605596,749.056],[8.600861048205976,47.80301393358108,793.327],[8.618602282351157,47.79832277858753,715.273],[8.617912484747773,47.79603904375028,700.919],[8.622153020266,47.79485608166328,714.143],[8.61509456347973,47.78396706360211,581.654],[8.61878600111281,47.77814315264274,567.411],[8.623370734474264,47.777274741315004,751.697],[8.619445822877985,47.767657041626734,710.42],[8.631670191319046,47.75818603114477,668.917],[8.644477309317802,47.764304912689845,671.488],[8.647569324801072,47.76696095105945,677.363],[8.645348344903741,47.768524972605974,696.724],[8.652969280662216,47.77339765142586,675.695],[8.64811192358259,47.774062691661584,705.13],[8.649799885392094,47.7833016033144,587.14],[8.64574939655441,47.790710776426835,618.555],[8.649605253793851,47.79846137547147,621.224],[8.656862966488374,47.80044107540822,579.342],[8.66031359123026,47.796321228622254,588.39],[8.657417339134565,47.79174447742935,587.346],[8.681033025380867,47.78660549704682,479.285],[8.683211945666846,47.777303603468056,530.101],[8.688626698638892,47.77352000441789,530.601],[8.683590239380306,47.77059887617201,452.456],[8.688708426136186,47.75835982138239,447.109],[8.695131162492526,47.75571061470312,444.485],[8.714070829885179,47.76539953595221,500.42],[8.727326505226431,47.76226749320189,473.581],[8.730807914559056,47.75960816677076,473.634],[8.728961340940543,47.757959636843964,494.898],[8.741137108077826,47.75198448156509,474.094],[8.741437918333487,47.7481844628264,480.711],[8.723626163522551,47.745648838442,433.731],[8.714607391412754,47.738585500198106,469.679],[8.711157857629802,47.73013811482791,494.474],[8.717942922524024,47.721619959671145,483.824],[8.73630826096955,47.71632734738442,485.095],[8.728469719258978,47.702445974595555,447.296],[8.727555074519355,47.693630492153005,396.018],[8.7280236103713,47.6927613126562,391.116]]],[[[8.875400920850456,47.65494885773261,395.46],[8.8653300619959,47.65609774237541,395.46],[8.85794573537725,47.65008158505371,424.417],[8.84937967848292,47.651008033829996,424.39],[8.845641868642906,47.65306138140183,421.276],[8.85457333282749,47.66067396313287,394.425],[8.841334855650224,47.66455652895705,394.342],[8.838410057740385,47.67023140141358,394.342],[8.830895881813028,47.67433630519386,394.096],[8.804174324423991,47.67835490504481,393.074],[8.796057952051504,47.67533679242572,392.59],[8.793532043097294,47.68010370690404,445.077],[8.797090594165502,47.688434897739036,460.211],[8.800107559512869,47.6918497859328,459.268],[8.810112949196082,47.69335307461361,445.29],[8.797602538525426,47.69720858839966,488.197],[8.797595580783337,47.70284880556556,554.465],[8.793968451900795,47.70423946654,568.72],[8.769345125324573,47.706845070092676,524.776],[8.772867089808074,47.71322447756015,423.589],[8.770142821539162,47.71910351872462,415.974],[8.77479761530384,47.71907081546638,414.35],[8.776314777136323,47.72272398217129,414.197],[8.78077469025466,47.72166233282229,413.479],[8.78484062272821,47.72734779346911,434.883],[8.799200160475653,47.72711836088041,449.031],[8.796567047770838,47.73454970016788,437.525],[8.806675961384325,47.738277695028266,440.934],[8.808546647909402,47.73121091592981,428.303],[8.81218007001245,47.73042291098731,419.789],[8.804811062023587,47.724517472858416,415.758],[8.81270678861995,47.72376536755973,416.01],[8.8185348377823,47.71764536908188,415.69],[8.82625446645225,47.717864669391865,418.899],[8.819053364677494,47.712776112186056,417.158],[8.825532207984606,47.71100016412793,418.989],[8.833592986106167,47.714557427402106,422.197],[8.843182596746734,47.712154880843066,430.996],[8.848343570243422,47.703368836628556,677.555],[8.872741894310094,47.704074694417265,619.11],[8.86969384713709,47.70186641598383,604.244],[8.876150134738735,47.69684932162621,582.18],[8.873403545774789,47.69396529203187,559.792],[8.863281912656857,47.69240460450362,548.969],[8.866305745806242,47.69638161871741,563.878],[8.863224545351498,47.69842658887561,574.304],[8.851534872384653,47.697617997434286,594.06],[8.850811795295364,47.69465492881059,565.173],[8.857717688520548,47.69264766588245,517.16],[8.850417164305744,47.68175077927852,455.856],[8.86788938388415,47.67588812677274,555.133],[8.873713382995977,47.66978085157212,532.254],[8.87543671631988,47.65667538749157,400.867],[8.875400920850456,47.65494885773261,395.46]]],[[[8.572023511876324,47.57437364853891,343.523],[8.567098011362749,47.56192277278689,343.36],[8.55548978666735,47.55247105439805,343.402],[8.541598423075637,47.56992711229335,343.375],[8.546220646597492,47.57131038235066,409.986],[8.54639274732562,47.574164923446986,494.393],[8.534979800885328,47.57528050741865,455.182],[8.540144003573165,47.57820778623779,471.807],[8.533563602531748,47.58215761890209,446.477],[8.537007130675386,47.58343192902954,442.555],[8.535351566690188,47.58711703011728,413.242],[8.55549005353951,47.59395957989367,418.277],[8.559828155066777,47.599035198309274,404.194],[8.582576972410966,47.59613970280696,408.931],[8.592741274187512,47.60615701146701,355.081],[8.595727904980112,47.60561100136467,345.057],[8.5942664964692,47.59644003902874,344.637],[8.578009606817629,47.58882696435026,344.019],[8.579904833053966,47.576782456332204,343.544],[8.572251831509513,47.57458436340477,343.511],[8.572023511876324,47.57437364853891,343.523]]]]}},{"type":"Feature","properties":{"uuid":"{5B0F52B1-5FE2-465F-835E-0F18F2E348CE}","datum_aenderung":"2015-12-08T00:00:00","datum_erstellung":"2012-10-26T00:00:00","erstellung_jahr":2012,"erstellung_monat":10,"grund_aenderung":"Verbessert","herkunft":"AV","herkunft_jahr":2015,"herkunft_monat":12,"revision_jahr":2022,"revision_monat":1,"revision_qualitaet":"2021_Aufbau","objektart":"Kanton","kantonsnummer":15,"see_flaeche":0.0,"kantonsflaeche":24284.0,"name":"Appenzell Ausserrhoden","icc":"CH","einwohnerzahl":55309},"geometry":{"type":"MultiPolygon","coordinates":[[[[9.502915722728826,47.3474329166744,875.346],[9.487151643238933,47.35025346224158,1132.364],[9.465754079892061,47.34642126272535,1102.819],[9.444783997527594,47.35696370647476,899.982],[9.43793922993621,47.35650262790331,955.4],[9.430948549154866,47.37086577826649,830.601],[9.411893348796912,47.36876452612057,904.194],[9.403212497936975,47.373404803899184,796.915],[9.401051798943973,47.37833084383394,784.277],[9.393632272363773,47.38024064967144,768.462],[9.386169257873506,47.377053587135336,760.085],[9.378131489895283,47.38080991909196,742.095],[9.379078409309065,47.38676559256858,723.357],[9.350214006902181,47.383107427310506,633.387],[9.358703608485012,47.37813879094103,647.417],[9.356861285194233,47.371308460828736,658.639],[9.36536642597716,47.35836485249128,690.319],[9.343678506710601,47.35218021204447,908.893],[9.346250256032404,47.3449312646773,1167.45],[9.334666649536523,47.34155866582521,1284.663],[9.328966475329418,47.33081449510486,1118.313],[9.309848591672388,47.32257064272422,865.952],[9.314002598004613,47.321500823874,842.829],[9.318318205966781,47.30952668024844,1128.643],[9.314962952692015,47.306249968892345,1092.587],[9.317110273226476,47.30174331423501,1015.785],[9.313021602747884,47.29614752024841,1061.788],[9.313558769626997,47.29144695232581,1148.063],[9.323626758239657,47.28290617705739,1499.101],[9.343273003283445,47.249395775196646,2502.09],[9.323803472221442,47.24702228757342,2193.019],[9.3082187053695,47.254991349215494,1281.303],[9.30797993070627,47.2596077389717,1219.704],[9.297175410070057,47.257412291903755,1234.85],[9.284096663089262,47.26565492132178,1339.492],[9.275106744968786,47.265742443113574,1520.111],[9.279099878633623,47.266672898618054,1177.475],[9.27377666446028,47.2700083800953,1408.357],[9.257329226603902,47.26322404263037,1040.872],[9.247500707875636,47.266077813746314,1009.091],[9.238795473703357,47.264644236609,967.947],[9.206261102395949,47.27639394149263,859.413],[9.224323124910377,47.292874112820705,971.765],[9.217054288389587,47.2996926090656,897.796],[9.217760320221013,47.3080097843322,1073.432],[9.213014300043737,47.319699586231316,824.712],[9.209834599979498,47.32089874622,786.852],[9.233330449086163,47.33214398088185,849.236],[9.222327787875843,47.34333832740139,1000.372],[9.206291609381253,47.33913053953954,866.354],[9.198646538167585,47.34777927806876,1031.514],[9.207474073188822,47.3561044571847,876.911],[9.20472876603635,47.3576063888217,1009.791],[9.195626986050117,47.35346325159539,879.164],[9.191098556157097,47.36254454802424,792.333],[9.199129518883717,47.36144117923932,911.542],[9.213040764224049,47.365120295339885,958.911],[9.213227185018955,47.368233246136136,950.292],[9.22100361129281,47.373248212593346,729.446],[9.21877059128877,47.38483012084183,688.742],[9.231834167353243,47.38777349730759,651.905],[9.230497588436396,47.39701561988114,620.527],[9.232582239177066,47.39801984403685,618.52],[9.236163790554654,47.39615462437028,636.523],[9.251899676599535,47.40071409211744,664.128],[9.257550198481196,47.39873365776737,676.107],[9.271878540467279,47.40102965302751,780.309],[9.3019899179089,47.39515506365746,702.044],[9.327758854854672,47.40125668892737,588.602],[9.335836557706573,47.399104320723076,596.314],[9.358574406020722,47.40204133543338,690.93],[9.371679078543764,47.407709906871986,738.925],[9.38693031793165,47.40560450187591,837.939],[9.397447077838574,47.40058486008361,993.637],[9.424618337090507,47.4068303789253,1016.958],[9.432972114225818,47.41397021159913,980.018],[9.429977194733594,47.417834489333124,888.887],[9.43503748945408,47.42083356752508,809.346],[9.432522080260512,47.42951241918561,633.977],[9.435009510839182,47.434290422726875,566.485],[9.452635920593544,47.431100387497885,616.025],[9.46970736573377,47.43867396712646,753.795],[9.495101147892147,47.44229853279471,860.121],[9.508393553672793,47.44922323409917,788.117],[9.530520455412637,47.45345241914121,652.467],[9.525640754444655,47.461367932898526,768.291],[9.532489137287282,47.467837384987405,661.289],[9.543309369741825,47.46889371039593,606.111],[9.547202444292967,47.46699503297773,560.053],[9.54655482392618,47.462895356968545,555.26],[9.557205151701197,47.464855775258755,455.648],[9.580561416753998,47.46254184878394,452.018],[9.63014271095782,47.44385593390937,571.072],[9.629131303227854,47.43962903556678,628.24],[9.59321701155838,47.433963657476795,817.863],[9.570630853338185,47.434338854082085,831.57],[9.568715321569451,47.438544539841686,756.417],[9.5645681614513,47.438126473511275,752.199],[9.558538851228702,47.431738050067175,914.151],[9.575330430579994,47.42570592256187,814.848],[9.567299715293393,47.42229569992446,747.809],[9.583164855007213,47.420136944475466,623.441],[9.581659972254737,47.41513188922324,772.01],[9.585842676957078,47.413091204467136,820.398],[9.574428432880307,47.4056285378698,648.068],[9.576429676764809,47.40418711408234,584.446],[9.556548797061556,47.39633971614358,555.131],[9.54239193559025,47.408201873451425,966.327],[9.551289569309269,47.40997931028822,1029.581],[9.562651288864377,47.408499700259476,881.516],[9.56491820936373,47.40530125430376,729.711],[9.57042244127502,47.40638408064205,757.492],[9.57371534017995,47.40737472097721,712.908],[9.572193736067618,47.41318569577237,970.561],[9.576253411530221,47.41582421931489,805.094],[9.556956694038783,47.419083394886805,826.274],[9.55475546179801,47.42683484056922,871.934],[9.54106867045949,47.43184265849658,855.134],[9.537428926247406,47.42578133530647,917.798],[9.523374296934453,47.42142489517071,1041.654],[9.52707249830735,47.41500614903468,1062.503],[9.522920359319288,47.41399611449818,1023.693],[9.532911005622681,47.41066921769672,1103.947],[9.510722490293276,47.40246144809624,1034.652],[9.512312235860435,47.39748887083129,1039.996],[9.508271917381467,47.395623452668744,1001.066],[9.502614244466761,47.38403048169951,831.919],[9.503034675052088,47.374988697053105,993.807],[9.505406521443906,47.37445623336174,1009.762],[9.499004420901121,47.36933084447888,953.049],[9.502829308151595,47.347614590700324,873.629],[9.502915722728826,47.3474329166744,875.346]],[[9.612624828536205,47.44358323941872,643.663],[9.612706234614246,47.443576075947,643.319],[9.612624828536205,47.44358323941872,643.663]],[[9.362181146389032,47.38678404598939,783.966],[9.36224141206914,47.38682703699359,783.51],[9.362181146389032,47.38678404598939,783.966]]]]}},{"type":"Feature","properties":{"uuid":"{1808E458-6C81-435D-8BF0-20047723927D}","datum_aenderung":"2015-12-08T00:00:00","datum_erstellung":"2012-10-26T00:00:00","erstellung_jahr":2012,"erstellung_monat":10,"grund_aenderung":"Verbessert","herkunft":"AV","herkunft_jahr":2015,"herkunft_monat":12,"revision_jahr":2022,"revision_monat":1,"revision_qualitaet":"2021_Aufbau","objektart":"Kanton","kantonsnummer":9,"see_flaeche":3158.0,"kantonsflaeche":23873.0,"name":"Zug","icc":"CH","einwohnerzahl":128794},"geometry":{"type":"MultiPolygon","coordinates":[[[[8.412215690785054,47.14056519991405,403.53],[8.414877584167932,47.14526002797738,402.607],[8.411966599385838,47.15383137199991,401.023],[8.415232593883173,47.16459824218108,399.197],[8.411196613888373,47.17416320617277,397.799],[8.402135418941702,47.177302840783675,396.455],[8.400337253188633,47.185872847384275,395.08],[8.405302701954632,47.195726589013,393.52],[8.400828346515294,47.21509555842453,390.819],[8.394845653896859,47.225734791999265,389.539],[8.406082328092896,47.23707538345656,387.489],[8.410084001768167,47.248374656647435,386.011],[8.416497267273538,47.2413211597352,386.758],[8.414257915228987,47.238942004120936,386.334],[8.421695174457097,47.22331956709771,389.129],[8.441132211362435,47.22521403535306,407.966],[8.461413609633597,47.2136298153777,452.615],[8.47010106561532,47.21340315243884,438.708],[8.473307213062292,47.20852404881897,453.561],[8.503324362381047,47.21223885809825,532.253],[8.512342896325215,47.21551779901343,539.587],[8.512574542901056,47.21941365599708,576.391],[8.531090138239161,47.21756154091536,504.025],[8.532509839496651,47.22211302642586,564.44],[8.536372819692042,47.22059950411714,556.702],[8.539340795399434,47.2230800759678,601.087],[8.582882178426676,47.217867237261665,532.776],[8.582362816138371,47.2108390500387,539.921],[8.594502615195685,47.21191319077409,549.363],[8.598590708090628,47.20157925955703,562.076],[8.606052290767344,47.20524064592106,568.008],[8.612949085050808,47.20186186725876,573.663],[8.62812495052281,47.17951124782571,610.813],[8.624625906509097,47.17280846029436,623.196],[8.641682559386982,47.16892798501957,649.239],[8.66074124098747,47.170308873035566,676.831],[8.661240263143643,47.16094988801031,1086.673],[8.666145222823143,47.15960753392436,1124.48],[8.69519085655851,47.163156662312936,1194.161],[8.701168865487963,47.1509447465334,847.731],[8.688507400771362,47.146082361635926,865.063],[8.684223882894521,47.14042621775329,880.211],[8.687524548116983,47.134550604884595,892.429],[8.681794827182078,47.12502170718008,900.723],[8.670733417500252,47.11912112676825,905.605],[8.671828171740174,47.11568422112529,908.497],[8.659811692264542,47.11467789268951,1052.254],[8.660561348358199,47.11183035029078,1067.085],[8.645487122729747,47.099627037194345,859.819],[8.644919914748193,47.09585881122077,805.401],[8.637252061417778,47.093329158282685,753.658],[8.60870915186603,47.09445083825491,1402.247],[8.568617967615333,47.0810833688501,1524.336],[8.562507135707769,47.082901059735335,1535.255],[8.56488342667782,47.08726231319895,1394.829],[8.56246859173424,47.09375154708927,1223.387],[8.544209914928723,47.09445549691745,865.121],[8.521944673144928,47.089859326352496,413.63],[8.493054354780172,47.10017966033207,413.63],[8.49374267686475,47.1137308331235,413.542],[8.480381726193396,47.126325951067464,413.63],[8.455610562898482,47.113446815340744,423.663],[8.44956272304997,47.13100984062966,458.586],[8.430404542895428,47.12331855143291,647.577],[8.417848365345533,47.12238807722817,644.92],[8.414355898254907,47.12618759603326,635.74],[8.416769038420043,47.13055590912163,532.408],[8.413113610195122,47.13897253159998,404.952],[8.412215690785054,47.14056519991405,403.53]]]]}},{"type":"Feature","properties":{"uuid":"{3F24991F-68F8-42E5-81EA-D4C8C3E21FE4}","datum_aenderung":"2015-12-08T00:00:00","datum_erstellung":"2012-10-26T00:00:00","erstellung_jahr":2012,"erstellung_monat":10,"grund_aenderung":"Verbessert","herkunft":"AV","herkunft_jahr":2015,"herkunft_monat":12,"revision_jahr":2022,"revision_monat":1,"revision_qualitaet":"2021_Aufbau","objektart":"Kanton","kantonsnummer":16,"see_flaeche":0.0,"kantonsflaeche":17248.0,"name":"Appenzell Innerrhoden","icc":"CH","einwohnerzahl":16293},"geometry":{"type":"MultiPolygon","coordinates":[[[[9.351106261523183,47.35463784593238,801.426],[9.36536642597716,47.35836485249128,690.319],[9.356861285194233,47.371308460828736,658.639],[9.358703608485012,47.37813879094103,647.417],[9.350214006902181,47.383107427310506,633.387],[9.371845105238256,47.38399973971734,684.48],[9.377028482214508,47.38716996348885,719.979],[9.379405329622733,47.38643096325786,724.129],[9.378675847362928,47.38052167960963,743.148],[9.386169257873506,47.377053587135336,760.085],[9.393632272363773,47.38024064967144,768.462],[9.401051798943973,47.37833084383394,784.277],[9.403212497936975,47.373404803899184,796.915],[9.411893348796912,47.36876452612057,904.194],[9.430948549154866,47.37086577826649,830.601],[9.43793922993621,47.35650262790331,955.4],[9.444783997527594,47.35696370647476,899.982],[9.465754079892061,47.34642126272535,1102.819],[9.487151643238933,47.35025346224158,1132.364],[9.502915722728826,47.3474329166744,875.346],[9.502884799860817,47.333748246730245,773.298],[9.498410082423925,47.31869906764788,1077.417],[9.492515335633875,47.31290173596513,1194.97],[9.496263324022234,47.3060113629611,1285.712],[9.488870063245786,47.301797753079065,1205.496],[9.4877646713156,47.28828762681457,1734.504],[9.47294596830117,47.271210898749196,1659.592],[9.437801217234192,47.25072581966362,1923.704],[9.41480608878694,47.2465311592562,2006.451],[9.402441631822878,47.23768683487636,2104.965],[9.382015334918712,47.23399367170283,2105.766],[9.364887865328177,47.24331024973829,2141.824],[9.343688683633673,47.24774323417928,2448.595],[9.332753742842314,47.26995505757631,1396.307],[9.3126404334211,47.293947060197446,1096.87],[9.317110273226476,47.30174331423501,1015.785],[9.314962952692015,47.306249968892345,1092.587],[9.318318205966781,47.30952668024844,1128.643],[9.314002598004613,47.321500823874,842.829],[9.309795225568296,47.32147665491038,837.239],[9.311277043560759,47.325114655898595,938.398],[9.328966475329418,47.33081449510486,1118.313],[9.333394453783388,47.34077616620963,1305.389],[9.346250256032404,47.3449312646773,1167.45],[9.343678506710601,47.35218021204447,908.893],[9.351077851191963,47.35461944117661,802.024],[9.351106261523183,47.35463784593238,801.426]]],[[[9.555292838826357,47.396431830647735,551.413],[9.547598189866484,47.39317068785413,606.951],[9.543180145732022,47.3950049883604,702.962],[9.545358013827219,47.398455917250224,799.836],[9.542577788170384,47.40026511568969,869.148],[9.508210118934224,47.395509593069185,1004.365],[9.512312235860435,47.39748887083129,1039.996],[9.510722490293276,47.40246144809624,1034.652],[9.532736652041464,47.41032425594756,1118.113],[9.522920359319288,47.41399611449818,1023.693],[9.52707249830735,47.41500614903468,1062.503],[9.523374296934453,47.42142489517071,1041.654],[9.537428926247406,47.42578133530647,917.798],[9.54040097413058,47.43183429789913,856.44],[9.55475546179801,47.42683484056922,871.934],[9.556956694038783,47.419083394886805,826.274],[9.576253411530221,47.41582421931489,805.094],[9.572193736067618,47.41318569577237,970.561],[9.57371534017995,47.40737472097721,712.908],[9.57042244127502,47.40638408064205,757.492],[9.56491820936373,47.40530125430376,729.711],[9.562651288864377,47.408499700259476,881.516],[9.551289569309269,47.40997931028822,1029.581],[9.54239193559025,47.408201873451425,966.327],[9.55528708193763,47.39644901333827,551.51],[9.555292838826357,47.396431830647735,551.413]]],[[[9.617833725104978,47.437673107772426,651.954],[9.588252520391372,47.42542457052046,643.64],[9.589692455609386,47.42088929450683,579.827],[9.604727392840033,47.414114731492866,634.52],[9.58306204273758,47.40963893133536,674.622],[9.580295570975652,47.41052822508506,728.619],[9.585842676957078,47.413091204467136,820.398],[9.581659972254737,47.41513188922324,772.01],[9.583164855007213,47.420136944475466,623.441],[9.568384223276881,47.42107059237938,702.589],[9.575330430579994,47.42570592256187,814.848],[9.558125573356115,47.432819678397976,904.723],[9.566430048393421,47.438652652928724,758.546],[9.570630853338185,47.434338854082085,831.57],[9.57932206338905,47.433606498420026,926.122],[9.617344729123813,47.4375938267976,654.369],[9.617833725104978,47.437673107772426,651.954]]],[[[9.362181146389032,47.38678404598939,783.966],[9.362038739126042,47.386729485745654,785.636],[9.362181146389032,47.38678404598939,783.966]]],[[[9.612624828536205,47.44358323941872,643.663],[9.612546882362519,47.44353096331418,644.09],[9.612624828536205,47.44358323941872,643.663]]]]}},{"type":"Feature","properties":{"uuid":"{52CABC6F-FA42-4B84-996D-1165C5EB0B99}","datum_aenderung":"2015-12-08T00:00:00","datum_erstellung":"2012-10-26T00:00:00","erstellung_jahr":2012,"erstellung_monat":10,"grund_aenderung":"Verbessert","herkunft":"AV","herkunft_jahr":2015,"herkunft_monat":12,"revision_jahr":2022,"revision_monat":1,"revision_qualitaet":"2021_Aufbau","objektart":"Kanton","kantonsnummer":12,"see_flaeche":0.0,"kantonsflaeche":3695.0,"name":"Basel-Stadt","icc":"CH","einwohnerzahl":196735},"geometry":{"type":"MultiPolygon","coordinates":[[[[7.555888356234769,47.54434076514631,289.266],[7.558758968293964,47.55235853731942,277.091],[7.561249922977648,47.55172801336344,278.333],[7.564584745537516,47.557041270876795,276.628],[7.554659565096775,47.56436668448972,275.255],[7.559335324865912,47.569389411486355,273.474],[7.556895598285342,47.57246595650596,271.107],[7.566490230000411,47.577669480888765,258.875],[7.584659908766419,47.57552129390658,244.575],[7.589045111287335,47.5899018533406,244.417],[7.604822421971359,47.58493486125736,257.669],[7.604888565978169,47.577878981016866,252.759],[7.61914236532829,47.57687497722778,258.071],[7.64324759189441,47.59134643791817,270.497],[7.641791077087801,47.59419728292809,326.092],[7.645677334675306,47.596961113843484,336.464],[7.675179221122506,47.59198793547199,402.898],[7.683017799768745,47.59849902297945,460.701],[7.693801813028088,47.60077549807678,462.914],[7.67174994622422,47.58727580621821,358.135],[7.680860573565532,47.58268954278723,467.087],[7.683679144816569,47.57391025249842,481.654],[7.689662577700815,47.57140262078271,493.941],[7.685928413700121,47.565615141880656,431.1],[7.683509223549517,47.57125842090382,488.511],[7.675153111830679,47.565427387188684,458.202],[7.67732490870343,47.56374967592222,461.792],[7.664234869503244,47.56540391772268,454.469],[7.648284159153871,47.55993649493832,359.204],[7.636126841444422,47.563922671633605,262.855],[7.617624444058927,47.55865372324479,245.303],[7.61777810510683,47.55432521353868,248.542],[7.622887372432467,47.54995623029039,250.452],[7.622310757165151,47.5397777033117,254.357],[7.613582614472436,47.5391309993689,272.439],[7.594788317073672,47.51929731119876,333.977],[7.59025492444219,47.51979461415458,358.365],[7.589489200010924,47.527928036263845,363.144],[7.582787223499465,47.53198395365504,355.986],[7.587269624467178,47.54190578479989,281.534],[7.564791673389823,47.54569139943425,282.512],[7.556545998901908,47.54433701781102,288.924],[7.555888356234769,47.54434076514631,289.266]]]]}}]}